ano_premio,certamen,nombre_actor_actriz,genero,pais_origen_nacionalidad,pelicula,idioma_actuacion,carrera_previa_hollywood,fue_nominado_oscar
1932,Festival de Venecia,Fredric March,Masculino,Estados Unidos,Dr. Jekyll and Mr. Hyde,Inglés,Sí,Sí
1932,Festival de Venecia,Helen Hayes,Femenino,Estados Unidos,The Sin of Madelon Claudet,Inglés,Sí,Sí
1934,Festival de Venecia,Katharine Hepburn,Femenino,Estados Unidos,Little Women,Inglés,Sí,No
1934,Festival de Venecia,Wallace Beery,Masculino,Estados Unidos,Viva Villa!,Inglés,Sí,No
1935,Festival de Venecia,Paula Wessely,Femenino,Austria,Episode,Alemán,No,No
1935,Festival de Venecia,Pierre Blanchar,Masculino,Francia,Crime et Châtiment,Francés,No,No
1936,Festival de Venecia,Annabella,Femenino,Francia,Veille d'armes,Francés,No,No
1936,Festival de Venecia,Paul Muni,Masculino,Estados Unidos,The Story of Louis Pasteur,Inglés,Sí,Sí
1937,Festival de Venecia,Bette Davis,Femenino,Estados Unidos,Marked Woman / Kid Galahad,Inglés,Sí,No
1937,Festival de Venecia,Emil Jannings,Masculino,Alemania,Der Herrscher,Alemán,Sí,No
1938,Festival de Venecia,Leslie Howard,Masculino,Reino Unido,Pygmalion,Inglés,Sí,Sí
1938,Festival de Venecia,Norma Shearer,Femenino,Canadá,Marie Antoinette,Inglés,Sí,Sí
1944,Globo de Oro,Jennifer Jones,Femenino,Estados Unidos,The Song of Bernadette,Inglés,Sí,Sí
1944,Globo de Oro,Paul Lukas,Masculino,Hungría,Watch on the Rhine,Inglés,Sí,Sí
1945,Globo de Oro,Alexander Knox,Masculino,Canadá,Wilson,Inglés,Sí,Sí
1945,Globo de Oro,Ingrid Bergman,Femenino,Suecia,Gaslight,Inglés,Sí,Sí
1946,Festival de Cannes,Michèle Morgan,Femenino,Francia,La Symphonie pastorale,Francés,Sí,No
1946,Festival de Cannes,Ray Milland,Masculino,Estados Unidos,The Lost Weekend,Inglés,Sí,Sí
1946,Globo de Oro,Ingrid Bergman,Femenino,Suecia,The Bells of St. Mary's,Inglés,Sí,Sí
1946,Globo de Oro,Ray Milland,Masculino,Estados Unidos,The Lost Weekend,Inglés,Sí,Sí
1947,Festival de Cannes,Edward G. Robinson,Masculino,Estados Unidos,House of Strangers,Inglés,Sí,No
1947,Festival de Venecia,Anna Magnani,Femenino,Italia,L'Onorevole Angelina,Italiano,No,No
1947,Festival de Venecia,Pierre Fresnay,Masculino,Francia,Monsieur Vincent,Francés,No,No
1947,Globo de Oro,Fredric March,Masculino,Estados Unidos,The Best Years of Our Lives,Inglés,Sí,Sí
1947,Globo de Oro,Rosalind Russell,Femenino,Estados Unidos,Sister Kenny,Inglés,Sí,Sí
1948,Festival de Venecia,Jean Simmons,Femenino,Reino Unido,Hamlet,Inglés,No,No
1948,Festival de Venecia,John Wayne,Masculino,Estados Unidos,Red River,Inglés,Sí,No
1948,Globo de Oro,Ronald Colman,Masculino,Reino Unido,A Double Life,Inglés,Sí,Sí
1948,Globo de Oro,Rosalind Russell,Femenino,Estados Unidos,Mourning Becomes Electra,Inglés,Sí,Sí
1949,Festival de Cannes,Isa Miranda,Femenino,Italia,Le mura di Malapaga,Italiano,No,No
1949,Festival de Venecia,Olivia de Havilland,Femenino,Estados Unidos,The Snake Pit,Inglés,Sí,Sí
1949,Globo de Oro,Jane Wyman,Femenino,Estados Unidos,Johnny Belinda,Inglés,Sí,Sí
1949,Globo de Oro,Laurence Olivier,Masculino,Reino Unido,Hamlet,Inglés,Sí,Sí
1950,Globo de Oro,Broderick Crawford,Masculino,Estados Unidos,All the King's Men,Inglés,Sí,Sí
1950,Globo de Oro,Olivia de Havilland,Femenino,Estados Unidos,The Heiress,Inglés,Sí,Sí
1951,Festival de Cannes,Bette Davis,Femenino,Estados Unidos,All About Eve,Inglés,Sí,Sí
1951,Festival de Cannes,Michael Redgrave,Masculino,Reino Unido,The Browning Version,Inglés,No,No
1951,Festival de Venecia,Vivien Leigh,Femenino,Reino Unido,A Streetcar Named Desire,Inglés,Sí,Sí
1951,Globo de Oro,Fred Astaire,Masculino,Estados Unidos,Three Little Words,Inglés,Sí,No
1951,Globo de Oro,Gloria Swanson,Femenino,Estados Unidos,Sunset Boulevard,Inglés,Sí,Sí
1951,Globo de Oro,José Ferrer,Masculino,Puerto Rico,Cyrano de Bergerac,Inglés,Sí,Sí
1951,Globo de Oro,Judy Holliday,Femenino,Estados Unidos,Born Yesterday,Inglés,Sí,Sí
1952,Festival de Cannes,Lee Grant,Femenino,Estados Unidos,Detective Story,Inglés,Sí,Sí
1952,Festival de Cannes,Marlon Brando,Masculino,Estados Unidos,Viva Zapata!,Inglés,Sí,Sí
1952,Globo de Oro,Danny Kaye,Masculino,Estados Unidos,On the Riviera,Inglés,Sí,No
1952,Globo de Oro,Fredric March,Masculino,Estados Unidos,Death of a Salesman,Inglés,Sí,Sí
1952,Globo de Oro,Jane Wyman,Femenino,Estados Unidos,The Blue Veil,Inglés,Sí,Sí
1952,Globo de Oro,June Allyson,Femenino,Estados Unidos,Too Young to Kiss,Inglés,Sí,No
1953,BAFTA,Marlon Brando,Masculino,Estados Unidos,Viva Zapata!,Inglés,Sí,Sí
1953,BAFTA,Ralph Richardson,Masculino,Reino Unido,The Sound Barrier,Inglés,Sí,No
1953,BAFTA,Simone Signoret,Femenino,Francia,Casque d'Or,Francés,No,No
1953,BAFTA,Vivien Leigh,Femenino,Reino Unido,A Streetcar Named Desire,Inglés,Sí,Sí
1953,Festival de Cannes,Shirley Booth,Femenino,Estados Unidos,"Come Back, Little Sheba",Inglés,Sí,Sí
1953,Festival de Venecia,Henri Vilbert,Masculino,Francia,Le Bon Dieu sans confession,Francés,No,No
1953,Festival de Venecia,Lilli Palmer,Femenino,Alemania,The Four Poster,Inglés,Sí,No
1953,Globo de Oro,Donald O'Connor,Masculino,Estados Unidos,Singin' in the Rain,Inglés,Sí,No
1953,Globo de Oro,Gary Cooper,Masculino,Estados Unidos,High Noon,Inglés,Sí,Sí
1953,Globo de Oro,Shirley Booth,Femenino,Estados Unidos,"Come Back, Little Sheba",Inglés,Sí,Sí
1953,Globo de Oro,Susan Hayward,Femenino,Estados Unidos,With a Song in My Heart,Inglés,Sí,Sí
1954,BAFTA,Audrey Hepburn,Femenino,Reino Unido,Roman Holiday,Inglés,No,Sí
1954,BAFTA,John Gielgud,Masculino,Reino Unido,Julius Caesar,Inglés,Sí,No
1954,BAFTA,Marlon Brando,Masculino,Estados Unidos,Julius Caesar,Inglés,Sí,Sí
1954,BAFTA,Shirley Booth,Femenino,Estados Unidos,"Come Back, Little Sheba",Inglés,Sí,Sí
1954,Festival de Cannes,Brenda de Banzie,Femenino,Reino Unido,Hobson's Choice,Inglés,No,No
1954,Festival de Venecia,Jean Gabin,Masculino,Francia,Touchez pas au grisbi,Francés,No,No
1954,Globo de Oro,Audrey Hepburn,Femenino,Reino Unido,Roman Holiday,Inglés,No,Sí
1954,Globo de Oro,David Niven,Masculino,Reino Unido,The Moon Is Blue,Inglés,Sí,No
1954,Globo de Oro,Ethel Merman,Femenino,Estados Unidos,Call Me Madam,Inglés,Sí,No
1954,Globo de Oro,Spencer Tracy,Masculino,Estados Unidos,The Actress,Inglés,Sí,No
1955,BAFTA,Cornell Borchers,Femenino,Alemania,The Divided Heart,Inglés,No,No
1955,BAFTA,Kenneth More,Masculino,Reino Unido,Doctor in the House,Inglés,No,No
1955,BAFTA,Marlon Brando,Masculino,Estados Unidos,On the Waterfront,Inglés,Sí,Sí
1955,BAFTA,Yvonne Mitchell,Femenino,Reino Unido,The Divided Heart,Inglés,No,No
1955,Festival de Cannes,Spencer Tracy,Masculino,Estados Unidos,Bad Day at Black Rock,Inglés,Sí,Sí
1955,Festival de Venecia,Curd Jürgens,Masculino,Austria,Les héros sont fatigués,Francés,No,No
1955,Globo de Oro,Grace Kelly,Femenino,Estados Unidos,The Country Girl,Inglés,Sí,Sí
1955,Globo de Oro,James Mason,Masculino,Reino Unido,A Star Is Born,Inglés,Sí,Sí
1955,Globo de Oro,Judy Garland,Femenino,Estados Unidos,A Star Is Born,Inglés,Sí,Sí
1955,Globo de Oro,Marlon Brando,Masculino,Estados Unidos,On the Waterfront,Inglés,Sí,Sí
1956,BAFTA,Betsy Blair,Femenino,Estados Unidos,Marty,Inglés,Sí,Sí
1956,BAFTA,Ernest Borgnine,Masculino,Estados Unidos,Marty,Inglés,Sí,Sí
1956,BAFTA,Katie Johnson,Femenino,Reino Unido,The Ladykillers,Inglés,No,No
1956,BAFTA,Laurence Olivier,Masculino,Reino Unido,Richard III,Inglés,Sí,Sí
1956,Festival de Berlín,Elsa Martinelli,Femenino,Italia,Donatella,Italiano,No,No
1956,Festival de Berlín,Françoise Arnoul,Femenino,Francia,Des gens sans importance,Francés,No,No
1956,Festival de Cannes,Susan Hayward,Femenino,Estados Unidos,I'll Cry Tomorrow,Inglés,Sí,Sí
1956,Festival de Venecia,Bourvil,Masculino,Francia,La Traversée de Paris,Francés,No,No
1956,Festival de Venecia,Maria Schell,Femenino,Suiza,Gervaise,Francés,No,No
1956,Globo de Oro,Anna Magnani,Femenino,Italia,The Rose Tattoo,Inglés,No,Sí
1956,Globo de Oro,Ernest Borgnine,Masculino,Estados Unidos,Marty,Inglés,Sí,Sí
1956,Globo de Oro,Jean Simmons,Femenino,Reino Unido,Guys and Dolls,Inglés,Sí,No
1956,Globo de Oro,Tom Ewell,Masculino,Estados Unidos,The Seven Year Itch,Inglés,Sí,No
1957,BAFTA,Anna Magnani,Femenino,Italia,The Rose Tattoo,Inglés,No,Sí
1957,BAFTA,François Périer,Masculino,Francia,Gervaise,Francés,No,No
1957,BAFTA,Peter Finch,Masculino,Australia,A Town Like Alice,Inglés,No,No
1957,BAFTA,Virginia McKenna,Femenino,Reino Unido,A Town Like Alice,Inglés,No,No
1957,Festival de Berlín,Pedro Infante,Masculino,México,Tizoc,Español,No,No
1957,Festival de Berlín,Siobhan McKenna,Femenino,Irlanda,Boy on a Dolphin,Inglés,No,No
1957,Festival de Cannes,Giulietta Masina,Femenino,Italia,Le notti di Cabiria,Italiano,No,No
1957,Festival de Cannes,John Kitzmiller,Masculino,Estados Unidos,Dolina miru,Esloveno,No,No
1957,Festival de Venecia,Anthony Franciosa,Masculino,Estados Unidos,A Hatful of Rain,Inglés,Sí,Sí
1957,Festival de Venecia,Dzintra Ritenberga,Femenino,Unión Soviética,Malva,Ruso,No,No
1957,Globo de Oro,Cantinflas,Masculino,México,Around the World in 80 Days,Inglés / Español,No,No
1957,Globo de Oro,Deborah Kerr,Femenino,Reino Unido,The King and I,Inglés,Sí,Sí
1957,Globo de Oro,Ingrid Bergman,Femenino,Suecia,Anastasia,Inglés,Sí,Sí
1957,Globo de Oro,Kirk Douglas,Masculino,Estados Unidos,Lust for Life,Inglés,Sí,Sí
1958,BAFTA,Alec Guinness,Masculino,Reino Unido,The Bridge on the River Kwai,Inglés,Sí,Sí
1958,BAFTA,Heather Sears,Femenino,Reino Unido,The Story of Esther Costello,Inglés,No,No
1958,BAFTA,Henry Fonda,Masculino,Estados Unidos,12 Angry Men,Inglés,Sí,No
1958,BAFTA,Simone Signoret,Femenino,Francia,The Witches of Salem,Francés,No,No
1958,Festival de Berlín,Anna Magnani,Femenino,Italia,Wild Is the Wind,Inglés,Sí,Sí
1958,Festival de Berlín,Sidney Poitier,Masculino,Estados Unidos,The Defiant Ones,Inglés,Sí,Sí
1958,Festival de Cannes,Paul Newman,Masculino,Estados Unidos,"The Long, Hot Summer",Inglés,Sí,No
1958,Festival de Venecia,Alec Guinness,Masculino,Reino Unido,The Horse's Mouth,Inglés,Sí,No
1958,Festival de Venecia,Sophia Loren,Femenino,Italia,The Black Orchid,Inglés,Sí,No
1958,Globo de Oro,Alec Guinness,Masculino,Reino Unido,The Bridge on the River Kwai,Inglés,Sí,Sí
1958,Globo de Oro,Frank Sinatra,Masculino,Estados Unidos,Pal Joey,Inglés,Sí,No
1958,Globo de Oro,Joanne Woodward,Femenino,Estados Unidos,The Three Faces of Eve,Inglés,Sí,Sí
1958,Globo de Oro,Kay Kendall,Femenino,Reino Unido,Les Girls,Inglés,No,No
1958,Globo de Oro,Taina Elg,Femenino,Finlandia,Les Girls,Inglés,No,No
1959,BAFTA,Irene Worth,Femenino,Estados Unidos,Orders to Kill,Inglés,No,No
1959,BAFTA,Sidney Poitier,Masculino,Estados Unidos,The Defiant Ones,Inglés,Sí,Sí
1959,BAFTA,Simone Signoret,Femenino,Francia,Room at the Top,Inglés,No,Sí
1959,BAFTA,Trevor Howard,Masculino,Reino Unido,Roots of Heaven,Inglés,Sí,No
1959,Festival de Berlín,Jean Gabin,Masculino,Francia,Archimède le clochard,Francés,No,No
1959,Festival de Berlín,Shirley MacLaine,Femenino,Estados Unidos,Ask Any Girl,Inglés,Sí,No
1959,Festival de Cannes,Dean Stockwell,Masculino,Estados Unidos,Compulsion,Inglés,Sí,No
1959,Festival de Cannes,Simone Signoret,Femenino,Francia,Room at the Top,Inglés,No,Sí
1959,Festival de Venecia,Shirley MacLaine,Femenino,Estados Unidos,Ask Any Girl,Inglés,Sí,No
1959,Globo de Oro,Danny Kaye,Masculino,Estados Unidos,Me and the Colonel,Inglés,Sí,No
1959,Globo de Oro,David Niven,Masculino,Reino Unido,Separate Tables,Inglés,Sí,Sí
1959,Globo de Oro,Rosalind Russell,Femenino,Estados Unidos,Auntie Mame,Inglés,Sí,Sí
1959,Globo de Oro,Shirley MacLaine,Femenino,Estados Unidos,Ask Any Girl,Inglés,Sí,No
1960,BAFTA,Audrey Hepburn,Femenino,Reino Unido,The Nun's Story,Inglés,Sí,Sí
1960,BAFTA,Jack Lemmon,Masculino,Estados Unidos,Some Like It Hot,Inglés,Sí,Sí
1960,BAFTA,Peter Sellers,Masculino,Reino Unido,I'm All Right Jack,Inglés,No,No
1960,BAFTA,Shirley MacLaine,Femenino,Estados Unidos,Ask Any Girl,Inglés,Sí,No
1960,Festival de Berlín,Fredric March,Masculino,Estados Unidos,Inherit the Wind,Inglés,Sí,No
1960,Festival de Berlín,Juliette Mayniel,Femenino,Francia,Kirmes,Alemán,No,No
1960,Festival de Cannes,Jeanne Moreau,Femenino,Francia,Moderato Cantabile,Francés,No,No
1960,Festival de Cannes,Marcello Mastroianni,Masculino,Italia,La Dolce Vita,Italiano,No,No
1960,Festival de Cannes,Melina Mercouri,Femenino,Grecia,Never on Sunday,Griego / Inglés,No,Sí
1960,Festival de Venecia,Shirley MacLaine,Femenino,Estados Unidos,The Apartment,Inglés,Sí,Sí
1960,Globo de Oro,Charlton Heston,Masculino,Estados Unidos,Ben-Hur,Inglés,Sí,Sí
1960,Globo de Oro,Elizabeth Taylor,Femenino,Reino Unido,"Suddenly, Last Summer",Inglés,Sí,Sí
1960,Globo de Oro,Jack Lemmon,Masculino,Estados Unidos,Some Like It Hot,Inglés,Sí,Sí
1960,Globo de Oro,Marilyn Monroe,Femenino,Estados Unidos,Some Like It Hot,Inglés,Sí,No
1961,BAFTA,Jack Lemmon,Masculino,Estados Unidos,The Apartment,Inglés,Sí,Sí
1961,BAFTA,Peter Finch,Masculino,Australia,The Trials of Oscar Wilde,Inglés,No,No
1961,BAFTA,Rachel Roberts,Femenino,Reino Unido,Saturday Night and Sunday Morning,Inglés,No,No
1961,BAFTA,Shirley MacLaine,Femenino,Estados Unidos,The Apartment,Inglés,Sí,Sí
1961,Festival de Berlín,Framboise Gommendy,Femenino,Francia,Une femme est une femme,Francés,No,No
1961,Festival de Berlín,Peter Finch,Masculino,Reino Unido,No Love for Johnnie,Inglés,Sí,No
1961,Festival de Cannes,Anthony Perkins,Masculino,Estados Unidos,Goodbye Again,Inglés,Sí,No
1961,Festival de Cannes,Sophia Loren,Femenino,Italia,La ciociara,Italiano,No,Sí
1961,Festival de Venecia,Suzanne Flon,Femenino,Francia,Tu ne tueras point,Francés,No,No
1961,Festival de Venecia,Toshiro Mifune,Masculino,Japón,Yojimbo,Japonés,No,No
1961,Globo de Oro,Burt Lancaster,Masculino,Estados Unidos,Elmer Gantry,Inglés,Sí,Sí
1961,Globo de Oro,Greer Garson,Femenino,Reino Unido,Sunrise at Campobello,Inglés,Sí,Sí
1961,Globo de Oro,Jack Lemmon,Masculino,Estados Unidos,The Apartment,Inglés,Sí,Sí
1961,Globo de Oro,Shirley MacLaine,Femenino,Estados Unidos,The Apartment,Inglés,Sí,Sí
1962,BAFTA,Dora Bryan,Femenino,Reino Unido,A Taste of Honey,Inglés,No,No
1962,BAFTA,Paul Newman,Masculino,Estados Unidos,The Hustler,Inglés,Sí,Sí
1962,BAFTA,Peter Finch,Masculino,Australia,No Love for Johnnie,Inglés,No,No
1962,BAFTA,Sophia Loren,Femenino,Italia,La Ciociara (Two Women),Italiano,No,Sí
1962,Festival de Berlín,James Stewart,Masculino,Estados Unidos,Mr. Hobbs Takes a Vacation,Inglés,Sí,No
1962,Festival de Berlín,Rita Tushingham,Femenino,Reino Unido,A Taste of Honey,Inglés,No,No
1962,Festival de Cannes,Katharine Hepburn,Femenino,Estados Unidos,Long Day's Journey into Night,Inglés,Sí,Sí
1962,Festival de Cannes,Ralph Richardson,Masculino,Reino Unido,Long Day's Journey into Night,Inglés,Sí,No
1962,Festival de Venecia,Burt Lancaster,Masculino,Estados Unidos,Birdman of Alcatraz,Inglés,Sí,Sí
1962,Festival de Venecia,Emmanuelle Riva,Femenino,Francia,Thérèse Desqueyroux,Francés,No,No
1962,Globo de Oro,Geraldine Page,Femenino,Estados Unidos,Summer and Smoke,Inglés,Sí,Sí
1962,Globo de Oro,Glenn Ford,Masculino,Canadá,Pocketful of Miracles,Inglés,Sí,No
1962,Globo de Oro,Maximilian Schell,Masculino,Austria,Judgment at Nuremberg,Inglés,No,Sí
1962,Globo de Oro,Rosalind Russell,Femenino,Estados Unidos,A Majority of One,Inglés,Sí,No
1963,BAFTA,Anne Bancroft,Femenino,Estados Unidos,The Miracle Worker,Inglés,Sí,Sí
1963,BAFTA,Burt Lancaster,Masculino,Estados Unidos,Birdman of Alcatraz,Inglés,Sí,Sí
1963,BAFTA,Leslie Caron,Femenino,Francia,The L-Shaped Room,Inglés,No,Sí
1963,BAFTA,Peter O'Toole,Masculino,Irlanda,Lawrence of Arabia,Inglés,No,Sí
1963,Festival de Berlín,Bibi Andersson,Femenino,Suecia,Älskande par,Sueco,No,No
1963,Festival de Berlín,Sidney Poitier,Masculino,Estados Unidos,Lilies of the Field,Inglés,Sí,Sí
1963,Festival de Cannes,Marina Vlady,Femenino,Francia,L'ape regina,Italiano,No,No
1963,Festival de Cannes,Richard Harris,Masculino,Irlanda,This Sporting Life,Inglés,No,Sí
1963,Festival de Venecia,Albert Finney,Masculino,Reino Unido,Tom Jones,Inglés,No,Sí
1963,Festival de Venecia,Delphine Seyrig,Femenino,Francia,Muriel,Francés,No,No
1963,Globo de Oro,Geraldine Page,Femenino,Estados Unidos,Sweet Bird of Youth,Inglés,Sí,Sí
1963,Globo de Oro,Gregory Peck,Masculino,Estados Unidos,To Kill a Mockingbird,Inglés,Sí,Sí
1963,Globo de Oro,Marcello Mastroianni,Masculino,Italia,Divorzio all'italiana,Italiano,No,Sí
1963,Globo de Oro,Rosalind Russell,Femenino,Estados Unidos,Gypsy,Inglés,Sí,No
1964,BAFTA,Dirk Bogarde,Masculino,Reino Unido,The Servant,Inglés,No,No
1964,BAFTA,Marcello Mastroianni,Masculino,Italia,Divorzio all'italiana,Italiano,No,Sí
1964,BAFTA,Patricia Neal,Femenino,Estados Unidos,Hud,Inglés,Sí,Sí
1964,BAFTA,Rachel Roberts,Femenino,Reino Unido,This Sporting Life,Inglés,No,Sí
1964,Festival de Berlín,Rod Steiger,Masculino,Estados Unidos,The Pawnbroker,Inglés,Sí,Sí
1964,Festival de Berlín,Sachiko Hidari,Femenino,Japón,Kanojo to kare,Japonés,No,No
1964,Festival de Cannes,Anne Bancroft,Femenino,Estados Unidos,The Pumpkin Eater,Inglés,Sí,Sí
1964,Festival de Cannes,Antony Hopkins,Masculino,Reino Unido,The Pumpkin Eater,Inglés,No,No
1964,Festival de Venecia,Harriet Andersson,Femenino,Suecia,To Love,Sueco,No,No
1964,Festival de Venecia,Tom Courtenay,Masculino,Reino Unido,King & Country,Inglés,No,No
1964,Globo de Oro,Alberto Sordi,Masculino,Italia,Il diavolo,Italiano,No,No
1964,Globo de Oro,Leslie Caron,Femenino,Francia,The L-Shaped Room,Inglés,No,Sí
1964,Globo de Oro,Shirley MacLaine,Femenino,Estados Unidos,Irma la Douce,Inglés,Sí,Sí
1964,Globo de Oro,Sidney Poitier,Masculino,Estados Unidos,Lilies of the Field,Inglés,Sí,Sí
1965,BAFTA,Anne Bancroft,Femenino,Estados Unidos,The Pumpkin Eater,Inglés,Sí,Sí
1965,BAFTA,Audrey Hepburn,Femenino,Reino Unido,Charade,Inglés,Sí,No
1965,BAFTA,Marcello Mastroianni,Masculino,Italia,I compagni,Italiano,No,No
1965,BAFTA,Richard Attenborough,Masculino,Reino Unido,Guns at Batasi,Inglés,No,No
1965,Festival de Berlín,Lee Marvin,Masculino,Estados Unidos,Cat Ballou,Inglés,Sí,Sí
1965,Festival de Berlín,Madhur Jaffrey,Femenino,India,Shakespeare Wallah,Inglés,No,No
1965,Festival de Cannes,Samantha Eggar,Femenino,Reino Unido,The Collector,Inglés,No,Sí
1965,Festival de Cannes,Terence Stamp,Masculino,Reino Unido,The Collector,Inglés,No,No
1965,Festival de Venecia,Annie Girardot,Femenino,Francia,Trois chambres à Manhattan,Francés,No,No
1965,Festival de Venecia,Toshiro Mifune,Masculino,Japón,Red Beard,Japonés,No,No
1965,Globo de Oro,Anne Bancroft,Femenino,Estados Unidos,The Pumpkin Eater,Inglés,Sí,Sí
1965,Globo de Oro,Julie Andrews,Femenino,Reino Unido,Mary Poppins,Inglés,No,Sí
1965,Globo de Oro,Peter O'Toole,Masculino,Irlanda,Becket,Inglés,Sí,Sí
1965,Globo de Oro,Rex Harrison,Masculino,Reino Unido,My Fair Lady,Inglés,Sí,Sí
1966,BAFTA,Dirk Bogarde,Masculino,Reino Unido,Darling,Inglés,No,No
1966,BAFTA,Julie Christie,Femenino,Reino Unido,Darling,Inglés,No,Sí
1966,BAFTA,Lee Marvin,Masculino,Estados Unidos,Cat Ballou,Inglés,Sí,Sí
1966,BAFTA,Patricia Neal,Femenino,Estados Unidos,In Harm's Way,Inglés,Sí,No
1966,Festival de Berlín,Jean-Pierre Léaud,Masculino,Francia,Masculin féminin,Francés,No,No
1966,Festival de Berlín,Lola Albright,Femenino,Estados Unidos,Lord Love a Duck,Inglés,Sí,No
1966,Festival de Cannes,Per Oscarsson,Masculino,Suecia,Sult,Danés,No,No
1966,Festival de Cannes,Vanessa Redgrave,Femenino,Reino Unido,Morgan!,Inglés,No,Sí
1966,Festival de Venecia,Jacques Perrin,Masculino,Francia,Un homme et son domaine,Francés,No,No
1966,Festival de Venecia,Natalya Arinbasarova,Femenino,Unión Soviética,The First Teacher,Ruso,No,No
1966,Globo de Oro,Julie Andrews,Femenino,Reino Unido,The Sound of Music,Inglés,Sí,Sí
1966,Globo de Oro,Lee Marvin,Masculino,Estados Unidos,Cat Ballou,Inglés,Sí,Sí
1966,Globo de Oro,Omar Sharif,Masculino,Egipto,Doctor Zhivago,Inglés,No,No
1966,Globo de Oro,Samantha Eggar,Femenino,Reino Unido,The Collector,Inglés,No,Sí
1967,BAFTA,Elizabeth Taylor,Femenino,Reino Unido,Who's Afraid of Virginia Woolf?,Inglés,Sí,Sí
1967,BAFTA,Jeanne Moreau,Femenino,Francia,Viva Maria!,Francés,No,No
1967,BAFTA,Richard Burton,Masculino,Reino Unido,Who's Afraid of Virginia Woolf?,Inglés,Sí,Sí
1967,BAFTA,Rod Steiger,Masculino,Estados Unidos,In the Heat of the Night,Inglés,Sí,Sí
1967,Festival de Berlín,Edith Evans,Femenino,Reino Unido,The Whisperers,Inglés,Sí,Sí
1967,Festival de Berlín,Michel Simon,Masculino,Francia,Le vieil homme et l'enfant,Francés,No,No
1967,Festival de Cannes,Oded Kotler,Masculino,Israel,Three Days and a Child,Hebreo,No,No
1967,Festival de Cannes,Pia Degermark,Femenino,Suecia,Elvira Madigan,Sueco,No,No
1967,Festival de Venecia,Ljubiša Samardžić,Masculino,Yugoslavia,Jutro,Serbocroata,No,No
1967,Festival de Venecia,Shirley Knight,Femenino,Estados Unidos,Dutchman,Inglés,Sí,No
1967,Globo de Oro,Alan Arkin,Masculino,Estados Unidos,The Russians Are Coming...,Inglés,Sí,Sí
1967,Globo de Oro,Anouk Aimée,Femenino,Francia,Un homme et une femme,Francés,No,Sí
1967,Globo de Oro,Lynn Redgrave,Femenino,Reino Unido,Georgy Girl,Inglés,No,Sí
1967,Globo de Oro,Paul Scofield,Masculino,Reino Unido,A Man for All Seasons,Inglés,No,Sí
1968,BAFTA,Katharine Hepburn,Femenino,Estados Unidos,Guess Who's Coming to Dinner,Inglés,Sí,Sí
1968,BAFTA,Paul Scofield,Masculino,Reino Unido,A Man for All Seasons,Inglés,No,Sí
1968,Festival de Berlín,Jean-Louis Trintignant,Masculino,Francia,L'Homme qui ment,Francés,No,No
1968,Festival de Berlín,Stephane Audran,Femenino,Francia,Les Biches,Francés,No,No
1968,Festival de Venecia,John Marley,Masculino,Estados Unidos,Faces,Inglés,Sí,No
1968,Festival de Venecia,Laura Betti,Femenino,Italia,Teorema,Italiano,No,No
1968,Globo de Oro,Anne Bancroft,Femenino,Estados Unidos,The Graduate,Inglés,Sí,Sí
1968,Globo de Oro,Edith Evans,Femenino,Reino Unido,The Whisperers,Inglés,No,Sí
1968,Globo de Oro,Richard Harris,Masculino,Irlanda,Camelot,Inglés,Sí,No
1968,Globo de Oro,Rod Steiger,Masculino,Estados Unidos,In the Heat of the Night,Inglés,Sí,Sí
1969,BAFTA,Dustin Hoffman,Masculino,Estados Unidos,Midnight Cowboy,Inglés,Sí,Sí
1969,BAFTA,Katharine Hepburn,Femenino,Estados Unidos,The Lion in Winter,Inglés,Sí,Sí
1969,Festival de Cannes,Jean-Louis Trintignant,Masculino,Francia,Z,Francés,No,No
1969,Festival de Cannes,Vanessa Redgrave,Femenino,Reino Unido,Isadora,Inglés,Sí,Sí
1969,Globo de Oro,Barbra Streisand,Femenino,Estados Unidos,Funny Girl,Inglés,Sí,Sí
1969,Globo de Oro,Joanne Woodward,Femenino,Estados Unidos,"Rachel, Rachel",Inglés,Sí,Sí
1969,Globo de Oro,Peter O'Toole,Masculino,Irlanda,The Lion in Winter,Inglés,Sí,Sí
1969,Globo de Oro,Ron Moody,Masculino,Reino Unido,Oliver!,Inglés,No,Sí
1970,BAFTA,Maggie Smith,Femenino,Reino Unido,The Prime of Miss Jean Brodie,Inglés,No,Sí
1970,BAFTA,Robert Redford,Masculino,Estados Unidos,Butch Cassidy and the Sundance Kid,Inglés,Sí,No
1970,Festival de Cannes,Marcello Mastroianni,Masculino,Italia,Dramma della gelosia,Italiano,No,No
1970,Festival de Cannes,Ottavia Piccolo,Femenino,Italia,Metello,Italiano,No,No
1970,Globo de Oro,Geneviève Bujold,Femenino,Canadá,Anne of the Thousand Days,Inglés,No,Sí
1970,Globo de Oro,John Wayne,Masculino,Estados Unidos,True Grit,Inglés,Sí,Sí
1970,Globo de Oro,Patty Duke,Femenino,Estados Unidos,"Me, Natalie",Inglés,Sí,No
1970,Globo de Oro,Peter O'Toole,Masculino,Irlanda,"Goodbye, Mr. Chips",Inglés,Sí,Sí
1971,BAFTA,Katharine Ross,Femenino,Estados Unidos,Butch Cassidy and the Sundance Kid,Inglés,Sí,No
1971,BAFTA,Robert Redford,Masculino,Estados Unidos,Tell Them Willie Boy Is Here,Inglés,Sí,No
1971,Festival de Berlín,Jean Gabin,Masculino,Francia,Le Chat,Francés,No,No
1971,Festival de Berlín,Shirley MacLaine,Femenino,Estados Unidos,Desperate Characters,Inglés,Sí,No
1971,Festival de Berlín,Simone Signoret,Femenino,Francia,Le Chat,Francés,Sí,No
1971,Festival de Cannes,Kitty Winn,Femenino,Estados Unidos,The Panic in Needle Park,Inglés,Sí,No
1971,Festival de Cannes,Riccardo Cucciolla,Masculino,Italia,Sacco e Vanzetti,Italiano,No,No
1971,Globo de Oro,Albert Finney,Masculino,Reino Unido,Scrooge,Inglés,Sí,No
1971,Globo de Oro,Ali MacGraw,Femenino,Estados Unidos,Love Story,Inglés,Sí,Sí
1971,Globo de Oro,Carrie Snodgress,Femenino,Estados Unidos,Diary of a Mad Housewife,Inglés,Sí,Sí
1971,Globo de Oro,George C. Scott,Masculino,Estados Unidos,Patton,Inglés,Sí,Sí
1972,BAFTA,Glenda Jackson,Femenino,Reino Unido,Sunday Bloody Sunday,Inglés,No,Sí
1972,BAFTA,Peter Finch,Masculino,Australia,Sunday Bloody Sunday,Inglés,No,Sí
1972,Festival de Berlín,Alberto Sordi,Masculino,Italia,Detenuto in attesa di giudizio,Italiano,No,No
1972,Festival de Berlín,Elizabeth Taylor,Femenino,Estados Unidos,Hammersmith Is Out,Inglés,Sí,No
1972,Festival de Cannes,Jean Yanne,Masculino,Francia,Nous ne vieillirons pas ensemble,Francés,No,No
1972,Festival de Cannes,Susannah York,Femenino,Reino Unido,Images,Inglés,Sí,No
1972,Globo de Oro,Chaim Topol,Masculino,Israel,Fiddler on the Roof,Inglés,No,Sí
1972,Globo de Oro,Gene Hackman,Masculino,Estados Unidos,The French Connection,Inglés,Sí,Sí
1972,Globo de Oro,Jane Fonda,Femenino,Estados Unidos,Klute,Inglés,Sí,Sí
1972,Globo de Oro,Twiggy,Femenino,Reino Unido,The Boy Friend,Inglés,No,No
1973,BAFTA,Gene Hackman,Masculino,Estados Unidos,The French Connection,Inglés,Sí,Sí
1973,BAFTA,Liza Minnelli,Femenino,Estados Unidos,Cabaret,Inglés,Sí,Sí
1973,Festival de Cannes,Giancarlo Giannini,Masculino,Italia,Film d'amore e d'anarchia,Italiano,No,No
1973,Festival de Cannes,Joanne Woodward,Femenino,Estados Unidos,The Effect of Gamma Rays...,Inglés,Sí,No
1973,Globo de Oro,Jack Lemmon,Masculino,Estados Unidos,Avanti!,Inglés,Sí,No
1973,Globo de Oro,Liv Ullmann,Femenino,Noruega,Utvandrarna,Sueco,No,Sí
1973,Globo de Oro,Liza Minnelli,Femenino,Estados Unidos,Cabaret,Inglés,Sí,Sí
1973,Globo de Oro,Marlon Brando,Masculino,Estados Unidos,The Godfather,Inglés,Sí,Sí
1974,BAFTA,Stephane Audran,Femenino,Francia,Juste avant la nuit,Francés,No,No
1974,BAFTA,Walter Matthau,Masculino,Estados Unidos,Charley Varrick,Inglés,Sí,No
1974,Festival de Cannes,Jack Nicholson,Masculino,Estados Unidos,The Last Detail,Inglés,Sí,Sí
1974,Festival de Cannes,Marie-José Nat,Femenino,Francia,Les Violons du bal,Francés,No,No
1974,Globo de Oro,Al Pacino,Masculino,Estados Unidos,Serpico,Inglés,Sí,Sí
1974,Globo de Oro,George Segal,Masculino,Estados Unidos,A Touch of Class,Inglés,Sí,No
1974,Globo de Oro,Glenda Jackson,Femenino,Reino Unido,A Touch of Class,Inglés,Sí,Sí
1974,Globo de Oro,Marsha Mason,Femenino,Estados Unidos,Cinderella Liberty,Inglés,Sí,Sí
1975,BAFTA,Jack Lemmon,Masculino,Estados Unidos,Save the Tiger,Inglés,Sí,Sí
1975,BAFTA,Joanne Woodward,Femenino,Estados Unidos,"Summer Wishes, Winter Dreams",Inglés,Sí,Sí
1975,Festival de Berlín,Kinuyo Tanaka,Femenino,Japón,Sandakan Hachiban Shokan: Mochiru,Japonés,No,No
1975,Festival de Berlín,Michel Constantin,Masculino,Francia,La Traque,Francés,No,No
1975,Festival de Cannes,Dustin Hoffman,Masculino,Estados Unidos,Lenny,Inglés,Sí,Sí
1975,Festival de Cannes,Valerie Perrine,Femenino,Estados Unidos,Lenny,Inglés,Sí,Sí
1975,Globo de Oro,Art Carney,Masculino,Estados Unidos,Harry and Tonto,Inglés,Sí,Sí
1975,Globo de Oro,Gena Rowlands,Femenino,Estados Unidos,A Woman Under the Influence,Inglés,Sí,Sí
1975,Globo de Oro,Jack Nicholson,Masculino,Estados Unidos,Chinatown,Inglés,Sí,Sí
1975,Globo de Oro,Raquel Welch,Femenino,Estados Unidos,The Three Musketeers,Inglés,Sí,No
1976,BAFTA,Al Pacino,Masculino,Estados Unidos,Dog Day Afternoon,Inglés,Sí,Sí
1976,BAFTA,Ellen Burstyn,Femenino,Estados Unidos,Alice Doesn't Live Here Anymore,Inglés,Sí,Sí
1976,Festival de Berlín,Gerd Osterland,Masculino,Alemania,Karl der Große,Alemán,No,No
1976,Festival de Berlín,Jadwiga Barańska,Femenino,Polonia,Noce i dnie,Polaco,No,No
1976,Festival de Cannes,Dominique Sanda,Femenino,Francia,L'eredità Ferramonti,Italiano,No,No
1976,Festival de Cannes,Jose Luis Gomez,Masculino,España,Pascual Duarte,Español,No,No
1976,Globo de Oro,Ann-Margret,Femenino,Suecia,Tommy,Inglés,Sí,Sí
1976,Globo de Oro,Jack Nicholson,Masculino,Estados Unidos,One Flew Over the Cuckoo's Nest,Inglés,Sí,Sí
1976,Globo de Oro,Louise Fletcher,Femenino,Estados Unidos,One Flew Over the Cuckoo's Nest,Inglés,Sí,Sí
1976,Globo de Oro,Walter Matthau,Masculino,Estados Unidos,The Sunshine Boys,Inglés,Sí,Sí
1977,BAFTA,Jack Nicholson,Masculino,Estados Unidos,One Flew Over the Cuckoo's Nest,Inglés,Sí,Sí
1977,BAFTA,Louise Fletcher,Femenino,Estados Unidos,One Flew Over the Cuckoo's Nest,Inglés,Sí,Sí
1977,Festival de Berlín,Fernando Fernán Gómez,Masculino,España,El anacoreta,Español,No,No
1977,Festival de Berlín,Lily Tomlin,Femenino,Estados Unidos,The Late Show,Inglés,Sí,No
1977,Festival de Cannes,Fernando Rey,Masculino,España,"Elisa, vida mía",Español,No,No
1977,Festival de Cannes,Monique Mercure,Femenino,Canadá,J.A. Martin photographe,Francés,No,No
1977,Globo de Oro,Barbra Streisand,Femenino,Estados Unidos,A Star Is Born,Inglés,Sí,No
1977,Globo de Oro,Faye Dunaway,Femenino,Estados Unidos,Network,Inglés,Sí,Sí
1977,Globo de Oro,Kris Kristofferson,Masculino,Estados Unidos,A Star Is Born,Inglés,Sí,No
1977,Globo de Oro,Peter Finch,Masculino,Reino Unido,Network,Inglés,Sí,Sí
1978,BAFTA,Diane Keaton,Femenino,Estados Unidos,Annie Hall,Inglés,Sí,Sí
1978,BAFTA,Peter Finch,Masculino,Australia,Network,Inglés,Sí,Sí
1978,Festival de Berlín,Craig Russell,Masculino,Canadá,Outrageous!,Inglés,No,No
1978,Festival de Berlín,Gena Rowlands,Femenino,Estados Unidos,Opening Night,Inglés,Sí,No
1978,Festival de Cannes,Jill Clayburgh,Femenino,Estados Unidos,An Unmarried Woman,Inglés,Sí,Sí
1978,Festival de Cannes,Jon Voight,Masculino,Estados Unidos,Coming Home,Inglés,Sí,Sí
1978,Globo de Oro,Diane Keaton,Femenino,Estados Unidos,Annie Hall,Inglés,Sí,Sí
1978,Globo de Oro,Jane Fonda,Femenino,Estados Unidos,Julia,Inglés,Sí,Sí
1978,Globo de Oro,Richard Burton,Masculino,Reino Unido,Equus,Inglés,Sí,Sí
1978,Globo de Oro,Richard Dreyfuss,Masculino,Estados Unidos,The Goodbye Girl,Inglés,Sí,Sí
1979,BAFTA,Jane Fonda,Femenino,Estados Unidos,Julia,Inglés,Sí,Sí
1979,BAFTA,Richard Dreyfuss,Masculino,Estados Unidos,The Goodbye Girl,Inglés,Sí,Sí
1979,Festival de Berlín,Hanna Schygulla,Femenino,Alemania,Die Ehe der Maria Braun,Alemán,No,No
1979,Festival de Berlín,Michele Placido,Masculino,Italia,Ernesto,Italiano,No,No
1979,Festival de Cannes,Jack Lemmon,Masculino,Estados Unidos,The China Syndrome,Inglés,Sí,Sí
1979,Festival de Cannes,Sally Field,Femenino,Estados Unidos,Norma Rae,Inglés,Sí,Sí
1979,Globo de Oro,Ellen Burstyn,Femenino,Estados Unidos,"Same Time, Next Year",Inglés,Sí,Sí
1979,Globo de Oro,Jane Fonda,Femenino,Estados Unidos,Coming Home,Inglés,Sí,Sí
1979,Globo de Oro,Jon Voight,Masculino,Estados Unidos,Coming Home,Inglés,Sí,Sí
1979,Globo de Oro,Warren Beatty,Masculino,Estados Unidos,Heaven Can Wait,Inglés,Sí,Sí
1980,BAFTA,Jack Lemmon,Masculino,Estados Unidos,The China Syndrome,Inglés,Sí,Sí
1980,BAFTA,Jane Fonda,Femenino,Estados Unidos,The China Syndrome,Inglés,Sí,Sí
1980,Festival de Berlín,Andrzej Seweryn,Masculino,Polonia,Dyrygent,Polaco,No,No
1980,Festival de Berlín,Renate Krößner,Femenino,Alemania,Solo Sunny,Alemán,No,No
1980,Festival de Cannes,Anouk Aimée,Femenino,Francia,Salto nel vuoto,Italiano,No,No
1980,Festival de Cannes,Michel Piccoli,Masculino,Francia,Salto nel vuoto,Italiano,No,No
1980,Globo de Oro,Bette Midler,Femenino,Estados Unidos,The Rose,Inglés,Sí,Sí
1980,Globo de Oro,Dustin Hoffman,Masculino,Estados Unidos,Kramer vs. Kramer,Inglés,Sí,Sí
1980,Globo de Oro,Peter Sellers,Masculino,Reino Unido,Being There,Inglés,Sí,Sí
1980,Globo de Oro,Sally Field,Femenino,Estados Unidos,Norma Rae,Inglés,Sí,Sí
1981,BAFTA,John Hurt,Masculino,Reino Unido,The Elephant Man,Inglés,No,Sí
1981,BAFTA,Judy Davis,Femenino,Australia,My Brilliant Career,Inglés,No,No
1981,Festival de Berlín,Anatoly Solonitsyn,Masculino,Rusia,26 dni iz zhizni Dostoevskogo,Ruso,No,No
1981,Festival de Berlín,Barbara Grabowska,Femenino,Polonia,Gorączka,Polaco,No,No
1981,Festival de Cannes,Isabelle Adjani,Femenino,Francia,Possession / Quartet,Francés / Inglés,No,No
1981,Festival de Cannes,Ugo Tognazzi,Masculino,Italia,La tragedia di un uomo ridicolo,Italiano,No,No
1981,Globo de Oro,Mary Tyler Moore,Femenino,Estados Unidos,Ordinary People,Inglés,Sí,Sí
1981,Globo de Oro,Ray Sharkey,Masculino,Estados Unidos,The Idolmaker,Inglés,Sí,No
1981,Globo de Oro,Robert De Niro,Masculino,Estados Unidos,Raging Bull,Inglés,Sí,Sí
1981,Globo de Oro,Sissy Spacek,Femenino,Estados Unidos,Coal Miner's Daughter,Inglés,Sí,Sí
1982,BAFTA,Burt Lancaster,Masculino,Estados Unidos,Atlantic City,Inglés,Sí,Sí
1982,BAFTA,Meryl Streep,Femenino,Estados Unidos,The French Lieutenant's Woman,Inglés,Sí,Sí
1982,Festival de Berlín,Katrin Saß,Femenino,Alemania,Bürgschaft für ein Jahr,Alemán,No,No
1982,Festival de Berlín,Michel Piccoli,Masculino,Francia,Une étrange affaire,Francés,No,No
1982,Festival de Cannes,Jack Lemmon,Masculino,Estados Unidos,Missing,Inglés,Sí,Sí
1982,Festival de Cannes,Jadwiga Jankowska-Cieślak,Femenino,Polonia,Egymásra nézve,Húngaro,No,No
1982,Globo de Oro,Bernadette Peters,Femenino,Estados Unidos,Pennies from Heaven,Inglés,Sí,No
1982,Globo de Oro,Dudley Moore,Masculino,Reino Unido,Arthur,Inglés,Sí,Sí
1982,Globo de Oro,Henry Fonda,Masculino,Estados Unidos,On Golden Pond,Inglés,Sí,Sí
1982,Globo de Oro,Meryl Streep,Femenino,Estados Unidos,The French Lieutenant's Woman,Inglés,Sí,Sí
1983,BAFTA,Ben Kingsley,Masculino,Reino Unido,Gandhi,Inglés,No,Sí
1983,BAFTA,Katharine Hepburn,Femenino,Estados Unidos,On Golden Pond,Inglés,Sí,Sí
1983,Festival de Berlín,Bruce Dern,Masculino,Estados Unidos,That Championship Season,Inglés,Sí,No
1983,Festival de Berlín,Evgeniya Glushenko,Femenino,Rusia,Vlyublyon po sobstvennomu zhelaniyu,Ruso,No,No
1983,Festival de Cannes,Gian Maria Volonté,Masculino,Italia,La mort de Mario Ricci,Francés,No,No
1983,Festival de Cannes,Hanna Schygulla,Femenino,Alemania,Storia di Piera,Italiano,No,No
1983,Globo de Oro,Ben Kingsley,Masculino,Reino Unido,Gandhi,Inglés,No,Sí
1983,Globo de Oro,Dustin Hoffman,Masculino,Estados Unidos,Tootsie,Inglés,Sí,Sí
1983,Globo de Oro,Julie Andrews,Femenino,Reino Unido,Victor/Victoria,Inglés,Sí,Sí
1983,Globo de Oro,Meryl Streep,Femenino,Estados Unidos,Sophie's Choice,Inglés / Alemán,Sí,Sí
1984,BAFTA,Julie Walters,Femenino,Reino Unido,Educating Rita,Inglés,No,Sí
1984,BAFTA,Michael Caine,Masculino,Reino Unido,Educating Rita,Inglés,Sí,Sí
1984,Festival de Berlín,Albert Finney,Masculino,Reino Unido,The Dresser,Inglés,Sí,Sí
1984,Festival de Berlín,Inna Churikova,Femenino,Rusia,Voyenno-polevoy roman,Ruso,No,No
1984,Festival de Cannes,Alfredo Landa,Masculino,España,Los santos inocentes,Español,No,No
1984,Festival de Cannes,Francisco Rabal,Masculino,España,Los santos inocentes,Español,No,No
1984,Festival de Cannes,Helen Mirren,Femenino,Reino Unido,Cal,Inglés,No,No
1984,Globo de Oro,Barbra Streisand,Femenino,Estados Unidos,Yentl,Inglés,Sí,No
1984,Globo de Oro,Michael Caine,Masculino,Reino Unido,Educating Rita,Inglés,Sí,Sí
1984,Globo de Oro,Robert Duvall,Masculino,Estados Unidos,Tender Mercies,Inglés,Sí,Sí
1984,Globo de Oro,Shirley MacLaine,Femenino,Estados Unidos,Terms of Endearment,Inglés,Sí,Sí
1984,Globo de Oro,Tom Courtenay,Masculino,Reino Unido,The Dresser,Inglés,Sí,Sí
1985,BAFTA,Haing S. Ngor,Masculino,Camboya,The Killing Fields,Inglés,No,Sí
1985,BAFTA,Maggie Smith,Femenino,Reino Unido,A Private Function,Inglés,No,No
1985,Festival de Berlín,Fernando Fernán Gómez,Masculino,España,Stico,Español,No,No
1985,Festival de Berlín,Jo Kennedy,Femenino,Australia,Wrong World,Inglés,No,No
1985,Festival de Cannes,Cher,Femenino,Estados Unidos,Mask,Inglés,Sí,No
1985,Festival de Cannes,William Hurt,Masculino,Estados Unidos,Kiss of the Spider Woman,Inglés,Sí,Sí
1985,Globo de Oro,Dudley Moore,Masculino,Reino Unido,Micki & Maude,Inglés,Sí,No
1985,Globo de Oro,F. Murray Abraham,Masculino,Estados Unidos,Amadeus,Inglés,Sí,Sí
1985,Globo de Oro,Kathleen Turner,Femenino,Estados Unidos,Romancing the Stone,Inglés,Sí,No
1985,Globo de Oro,Sally Field,Femenino,Estados Unidos,Places in the Heart,Inglés,Sí,Sí
1986,BAFTA,Peggy Ashcroft,Femenino,Reino Unido,A Passage to India,Inglés,No,Sí
1986,BAFTA,William Hurt,Masculino,Estados Unidos,Kiss of the Spider Woman,Inglés,Sí,Sí
1986,Festival de Berlín,Charlotte Valandrey,Femenino,Francia,Rouge Baiser,Francés,No,No
1986,Festival de Berlín,Tuncel Kurtiz,Masculino,Turquía,Hiuch HaGideon,Hebreo,No,No
1986,Festival de Cannes,Barbara Sukowa,Femenino,Alemania,Rosa Luxemburg,Alemán,No,No
1986,Festival de Cannes,Michel Blanc,Masculino,Francia,Tenue de soirée,Francés,No,No
1986,Festival de Venecia,Carlo Delle Piane,Masculino,Italia,Regalo di Natale,Italiano,No,No
1986,Festival de Venecia,Valeria Golino,Femenino,Italia,Storia d'amore,Italiano,No,No
1986,Globo de Oro,Jack Nicholson,Masculino,Estados Unidos,Prizzi's Honor,Inglés,Sí,Sí
1986,Globo de Oro,Jon Voight,Masculino,Estados Unidos,Runaway Train,Inglés,Sí,Sí
1986,Globo de Oro,Kathleen Turner,Femenino,Estados Unidos,Prizzi's Honor,Inglés,Sí,No
1986,Globo de Oro,Whoopi Goldberg,Femenino,Estados Unidos,The Color Purple,Inglés,No,Sí
1987,BAFTA,Bob Hoskins,Masculino,Reino Unido,Mona Lisa,Inglés,Sí,Sí
1987,BAFTA,Maggie Smith,Femenino,Reino Unido,A Room with a View,Inglés,No,Sí
1987,Festival de Berlín,Ana Beatriz Nogueira,Femenino,Brasil,Vera,Portugués,No,No
1987,Festival de Berlín,Gian Maria Volonté,Masculino,Italia,Il caso Moro,Italiano,No,No
1987,Festival de Cannes,Barbara Hershey,Femenino,Estados Unidos,Shy People,Inglés,Sí,No
1987,Festival de Cannes,Marcello Mastroianni,Masculino,Italia,Oci ciornie,Italiano,No,Sí
1987,Festival de Venecia,Hugh Grant,Masculino,Reino Unido,Maurice,Inglés,No,No
1987,Festival de Venecia,Kang Soo-yeon,Femenino,Corea del Sur,The Surrogate Woman,Coreano,No,No
1987,Globo de Oro,Bob Hoskins,Masculino,Reino Unido,Mona Lisa,Inglés,Sí,Sí
1987,Globo de Oro,Marlee Matlin,Femenino,Estados Unidos,Children of a Lesser God,Lengua de señas / Inglés,No,Sí
1987,Globo de Oro,Paul Hogan,Masculino,Australia,Crocodile Dundee,Inglés,No,No
1987,Globo de Oro,Sissy Spacek,Femenino,Estados Unidos,Crimes of the Heart,Inglés,Sí,Sí
1988,BAFTA,Anne Bancroft,Femenino,Estados Unidos,84 Charing Cross Road,Inglés,Sí,No
1988,BAFTA,Sean Connery,Masculino,Reino Unido,Der Name der Rose,Inglés,Sí,No
1988,Festival de Berlín,Holly Hunter,Femenino,Estados Unidos,Broadcast News,Inglés,Sí,Sí
1988,Festival de Berlín,Jörg Pose,Masculino,Alemania,Einer trage des anderen Last...,Alemán,No,No
1988,Festival de Cannes,Barbara Hershey,Femenino,Estados Unidos,A World Apart,Inglés,Sí,No
1988,Festival de Cannes,Forest Whitaker,Masculino,Estados Unidos,Bird,Inglés,Sí,No
1988,Festival de Venecia,Don Ameche,Masculino,Estados Unidos,Things Change,Inglés,Sí,No
1988,Festival de Venecia,Isabelle Huppert,Femenino,Francia,Une affaire de femmes,Francés,No,No
1988,Festival de Venecia,Shirley MacLaine,Femenino,Estados Unidos,Madame Sousatzka,Inglés,Sí,No
1988,Globo de Oro,Cher,Femenino,Estados Unidos,Moonstruck,Inglés,Sí,Sí
1988,Globo de Oro,Jodie Foster,Femenino,Estados Unidos,The Accused,Inglés,Sí,Sí
1988,Globo de Oro,Michael Douglas,Masculino,Estados Unidos,Wall Street,Inglés,Sí,Sí
1988,Globo de Oro,Robin Williams,Masculino,Estados Unidos,"Good Morning, Vietnam",Inglés,Sí,Sí
1988,Globo de Oro,Shirley MacLaine,Femenino,Estados Unidos,Madame Sousatzka,Inglés,Sí,No
1988,Globo de Oro,Sigourney Weaver,Femenino,Estados Unidos,Gorillas in the Mist,Inglés,Sí,Sí
1989,BAFTA,John Cleese,Masculino,Reino Unido,A Fish Called Wanda,Inglés,Sí,No
1989,BAFTA,Maggie Smith,Femenino,Reino Unido,The Lonely Passion of Judith Hearne,Inglés,No,No
1989,Festival de Berlín,Gene Hackman,Masculino,Estados Unidos,Mississippi Burning,Inglés,Sí,Sí
1989,Festival de Berlín,Isabelle Adjani,Femenino,Francia,Camille Claudel,Francés,Sí,Sí
1989,Festival de Cannes,James Spader,Masculino,Estados Unidos,"Sex, Lies, and Videotape",Inglés,Sí,No
1989,Festival de Cannes,Meryl Streep,Femenino,Estados Unidos,A Cry in the Dark,Inglés,Sí,Sí
1989,Festival de Venecia,Marcello Mastroianni,Masculino,Italia,Che ora è?,Italiano,No,No
1989,Festival de Venecia,Peggy Ashcroft,Femenino,Reino Unido,She's Been Away,Inglés,No,No
1989,Globo de Oro,Dustin Hoffman,Masculino,Estados Unidos,Rain Man,Inglés,Sí,Sí
1989,Globo de Oro,Melanie Griffith,Femenino,Estados Unidos,Working Girl,Inglés,Sí,Sí
1989,Globo de Oro,Sigourney Weaver,Femenino,Estados Unidos,Gorillas in the Mist,Inglés,Sí,Sí
1989,Globo de Oro,Tom Hanks,Masculino,Estados Unidos,Big,Inglés,Sí,Sí
1990,BAFTA,Daniel Day-Lewis,Masculino,Reino Unido,My Left Foot,Inglés,No,Sí
1990,BAFTA,Pauline Collins,Femenino,Reino Unido,Shirley Valentine,Inglés,No,Sí
1990,Festival de Berlín,Iain Glen,Masculino,Reino Unido,Silent Scream,Inglés,No,No
1990,Festival de Berlín,Jessica Tandy,Femenino,Estados Unidos,Driving Miss Daisy,Inglés,Sí,Sí
1990,Festival de Cannes,Gérard Depardieu,Masculino,Francia,Cyrano de Bergerac,Francés,No,Sí
1990,Festival de Cannes,Krystyna Janda,Femenino,Polonia,Przesłuchanie,Polaco,No,No
1990,Festival de Venecia,Gloria Münchmeyer,Femenino,Chile,La luna en el espejo,Español,No,No
1990,Festival de Venecia,Oleg Borisov,Masculino,Unión Soviética,Edinstveniyat svidetel,Búlgaro,No,No
1990,Globo de Oro,Jessica Tandy,Femenino,Reino Unido,Driving Miss Daisy,Inglés,Sí,Sí
1990,Globo de Oro,Michelle Pfeiffer,Femenino,Estados Unidos,The Fabulous Baker Boys,Inglés,Sí,Sí
1990,Globo de Oro,Morgan Freeman,Masculino,Estados Unidos,Driving Miss Daisy,Inglés,Sí,Sí
1990,Globo de Oro,Tom Cruise,Masculino,Estados Unidos,Born on the Fourth of July,Inglés,Sí,Sí
1991,BAFTA,Jessica Tandy,Femenino,Reino Unido,Driving Miss Daisy,Inglés,Sí,Sí
1991,BAFTA,Philippe Noiret,Masculino,Francia,Cinema Paradiso,Italiano,No,No
1991,Festival de Berlín,Maynard Eziashi,Masculino,Nigeria,Mister Johnson,Inglés,No,No
1991,Festival de Berlín,Victoria Abril,Femenino,España,Amantes,Español,No,No
1991,Festival de Cannes,Irène Jacob,Femenino,Francia,La double vie de Véronique,Francés / Polaco,No,No
1991,Festival de Cannes,John Turturro,Masculino,Estados Unidos,Barton Fink,Inglés,Sí,No
1991,Festival de Venecia,River Phoenix,Masculino,Estados Unidos,My Own Private Idaho,Inglés,Sí,No
1991,Festival de Venecia,Tilda Swinton,Femenino,Reino Unido,Edward II,Inglés,No,No
1991,Globo de Oro,Gérard Depardieu,Masculino,Francia,Green Card,Inglés / Francés,No,No
1991,Globo de Oro,Jeremy Irons,Masculino,Reino Unido,Reversal of Fortune,Inglés,Sí,Sí
1991,Globo de Oro,Julia Roberts,Femenino,Estados Unidos,Pretty Woman,Inglés,Sí,Sí
1991,Globo de Oro,Kathy Bates,Femenino,Estados Unidos,Misery,Inglés,Sí,Sí
1992,BAFTA,Anthony Hopkins,Masculino,Reino Unido,The Silence of the Lambs,Inglés,Sí,Sí
1992,BAFTA,Jodie Foster,Femenino,Estados Unidos,The Silence of the Lambs,Inglés,Sí,Sí
1992,Festival de Berlín,Armin Mueller-Stahl,Masculino,Alemania,Utz,Inglés,No,No
1992,Festival de Berlín,Maggie Cheung,Femenino,Hong Kong,Center Stage,Cantonés,No,No
1992,Festival de Cannes,Pernilla August,Femenino,Suecia,Den goda viljan,Sueco,No,No
1992,Festival de Cannes,Tim Robbins,Masculino,Estados Unidos,The Player,Inglés,Sí,No
1992,Festival de Venecia,Gong Li,Femenino,China,Qiu Ju da guan si,Chino mandarín,No,No
1992,Festival de Venecia,Jack Lemmon,Masculino,Estados Unidos,Glengarry Glen Ross,Inglés,Sí,No
1992,Globo de Oro,Bette Midler,Femenino,Estados Unidos,For the Boys,Inglés,Sí,Sí
1992,Globo de Oro,Jodie Foster,Femenino,Estados Unidos,The Silence of the Lambs,Inglés,Sí,Sí
1992,Globo de Oro,Nick Nolte,Masculino,Estados Unidos,The Prince of Tides,Inglés,Sí,Sí
1992,Globo de Oro,Robin Williams,Masculino,Estados Unidos,The Fisher King,Inglés,Sí,Sí
1993,BAFTA,Emma Thompson,Femenino,Reino Unido,Howards End,Inglés,No,Sí
1993,BAFTA,Robert Downey Jr.,Masculino,Estados Unidos,Chaplin,Inglés,Sí,Sí
1993,Festival de Berlín,Denzel Washington,Masculino,Estados Unidos,Malcolm X,Inglés,Sí,Sí
1993,Festival de Berlín,Michelle Pfeiffer,Femenino,Estados Unidos,Love Field,Inglés,Sí,Sí
1993,Festival de Cannes,David Thewlis,Masculino,Reino Unido,Naked,Inglés,No,No
1993,Festival de Cannes,Holly Hunter,Femenino,Estados Unidos,The Piano,Inglés,Sí,Sí
1993,Festival de Venecia,Fabricio Bentivoglio,Masculino,Italia,Un anima divisa in due,Italiano,No,No
1993,Festival de Venecia,Juliette Binoche,Femenino,Francia,Trois couleurs: Bleu,Francés,No,No
1993,Globo de Oro,Al Pacino,Masculino,Estados Unidos,Scent of a Woman,Inglés,Sí,Sí
1993,Globo de Oro,Emma Thompson,Femenino,Reino Unido,Howards End,Inglés,No,Sí
1993,Globo de Oro,Miranda Richardson,Femenino,Reino Unido,Enchanted April,Inglés,No,No
1993,Globo de Oro,Tim Robbins,Masculino,Estados Unidos,The Player,Inglés,Sí,No
1994,BAFTA,Anthony Hopkins,Masculino,Reino Unido,The Remains of the Day,Inglés,Sí,Sí
1994,BAFTA,Holly Hunter,Femenino,Estados Unidos,The Piano,Inglés,Sí,Sí
1994,Festival de Berlín,Crissy Rock,Femenino,Reino Unido,"Ladybird, Ladybird",Inglés,No,No
1994,Festival de Berlín,Tom Hanks,Masculino,Estados Unidos,Philadelphia,Inglés,Sí,Sí
1994,Festival de Cannes,Ge You,Masculino,China,To Live,Chino mandarín,No,No
1994,Festival de Cannes,Virna Lisi,Femenino,Italia,La Reine Margot,Francés,No,No
1994,Festival de Venecia,Maria de Medeiros,Femenino,Portugal,Três Irmãos,Portugués,No,No
1994,Festival de Venecia,Xia Yu,Masculino,China,Yang guang can lan de di fang,Chino mandarín,No,No
1994,Globo de Oro,Angela Bassett,Femenino,Estados Unidos,What's Love Got to Do with It,Inglés,Sí,Sí
1994,Globo de Oro,Holly Hunter,Femenino,Estados Unidos,The Piano,Inglés,Sí,Sí
1994,Globo de Oro,Robin Williams,Masculino,Estados Unidos,Mrs. Doubtfire,Inglés,Sí,No
1994,Globo de Oro,Tom Hanks,Masculino,Estados Unidos,Philadelphia,Inglés,Sí,Sí
1995,BAFTA,Hugh Grant,Masculino,Reino Unido,Four Weddings and a Funeral,Inglés,No,No
1995,BAFTA,Susan Sarandon,Femenino,Estados Unidos,The Client,Inglés,Sí,Sí
1995,Festival de Berlín,Paul Newman,Masculino,Estados Unidos,Nobody's Fool,Inglés,Sí,Sí
1995,Festival de Berlín,Sheng Hong,Femenino,China,Dayu Zhai,Chino mandarín,No,No
1995,Festival de Cannes,Helen Mirren,Femenino,Reino Unido,The Madness of King George,Inglés,Sí,Sí
1995,Festival de Cannes,Jonathan Pryce,Masculino,Reino Unido,Carrington,Inglés,No,No
1995,Festival de Venecia,Gotaro Tsunashima,Masculino,Japón,The Maborosi,Japonés,No,No
1995,Festival de Venecia,Isabelle Huppert,Femenino,Francia,La Cérémonie,Francés,No,No
1995,Festival de Venecia,Sandrine Bonnaire,Femenino,Francia,La Cérémonie,Francés,No,No
1995,Globo de Oro,Hugh Grant,Masculino,Reino Unido,Four Weddings and a Funeral,Inglés,No,No
1995,Globo de Oro,Jamie Lee Curtis,Femenino,Estados Unidos,True Lies,Inglés,Sí,No
1995,Globo de Oro,Jessica Lange,Femenino,Estados Unidos,Blue Sky,Inglés,Sí,Sí
1995,Globo de Oro,Tom Hanks,Masculino,Estados Unidos,Forrest Gump,Inglés,Sí,Sí
1996,BAFTA,Emma Thompson,Femenino,Reino Unido,Sense and Sensibility,Inglés,No,Sí
1996,BAFTA,Nigel Hawthorne,Masculino,Reino Unido,The Madness of King George,Inglés,No,Sí
1996,Festival de Berlín,Anouk Grinberg,Femenino,Francia,Mon Homme,Francés,No,No
1996,Festival de Berlín,Sean Penn,Masculino,Estados Unidos,Dead Man Walking,Inglés,Sí,Sí
1996,Festival de Cannes,Brenda Blethyn,Femenino,Reino Unido,Secrets & Lies,Inglés,No,Sí
1996,Festival de Cannes,Daniel Auteuil,Masculino,Francia,Le huitième jour,Francés,No,No
1996,Festival de Cannes,Pascal Duquenne,Masculino,Bélgica,Le huitième jour,Francés,No,No
1996,Festival de Venecia,Liam Neeson,Masculino,Reino Unido,Michael Collins,Inglés,Sí,No
1996,Festival de Venecia,Victoire Thivisol,Femenino,Francia,Ponette,Francés,No,No
1996,Globo de Oro,John Travolta,Masculino,Estados Unidos,Get Shorty,Inglés,Sí,No
1996,Globo de Oro,Nicolas Cage,Masculino,Estados Unidos,Leaving Las Vegas,Inglés,Sí,Sí
1996,Globo de Oro,Nicole Kidman,Femenino,Australia,To Die For,Inglés,Sí,No
1996,Globo de Oro,Sharon Stone,Femenino,Estados Unidos,Casino,Inglés,Sí,Sí
1997,BAFTA,Brenda Blethyn,Femenino,Reino Unido,Secrets & Lies,Inglés,No,Sí
1997,BAFTA,Geoffrey Rush,Masculino,Australia,Shine,Inglés,No,Sí
1997,Festival de Berlín,Juliette Binoche,Femenino,Francia,The English Patient,Inglés,Sí,Sí
1997,Festival de Berlín,Leonardo DiCaprio,Masculino,Estados Unidos,Romeo + Juliet,Inglés,Sí,No
1997,Festival de Cannes,Kathy Burke,Femenino,Reino Unido,Nil by Mouth,Inglés,No,No
1997,Festival de Cannes,Sean Penn,Masculino,Estados Unidos,She's So Lovely,Inglés,Sí,No
1997,Festival de Venecia,Robin Tunney,Femenino,Estados Unidos,"Niagara, Niagara",Inglés,Sí,No
1997,Festival de Venecia,Wesley Snipes,Masculino,Estados Unidos,One Night Stand,Inglés,Sí,No
1997,Globo de Oro,Brenda Blethyn,Femenino,Reino Unido,Secrets & Lies,Inglés,No,Sí
1997,Globo de Oro,Geoffrey Rush,Masculino,Australia,Shine,Inglés,No,Sí
1997,Globo de Oro,Madonna,Femenino,Estados Unidos,Evita,Inglés,Sí,No
1997,Globo de Oro,Tom Cruise,Masculino,Estados Unidos,Jerry Maguire,Inglés,Sí,Sí
1998,BAFTA,Judi Dench,Femenino,Reino Unido,Mrs Brown,Inglés,No,Sí
1998,BAFTA,Robert Carlyle,Masculino,Reino Unido,The Full Monty,Inglés,No,No
1998,Festival de Berlín,Fernanda Montenegro,Femenino,Brasil,Central do Brasil,Portugués,No,Sí
1998,Festival de Berlín,Samuel L. Jackson,Masculino,Estados Unidos,Jackie Brown,Inglés,Sí,No
1998,Festival de Cannes,Elodie Bouchez,Femenino,Francia,La vie rêvée des anges,Francés,No,No
1998,Festival de Cannes,Natacha Régnier,Femenino,Bélgica,La vie rêvée des anges,Francés,No,No
1998,Festival de Cannes,Peter Mullan,Masculino,Reino Unido,My Name Is Joe,Inglés,No,No
1998,Festival de Venecia,Javier Bardem,Masculino,España,Before Night Falls,Inglés,No,Sí
1998,Globo de Oro,Helen Hunt,Femenino,Estados Unidos,As Good as It Gets,Inglés,Sí,Sí
1998,Globo de Oro,Jack Nicholson,Masculino,Estados Unidos,As Good as It Gets,Inglés,Sí,Sí
1998,Globo de Oro,Judi Dench,Femenino,Reino Unido,Mrs Brown,Inglés,No,Sí
1998,Globo de Oro,Peter Fonda,Masculino,Estados Unidos,Ulee's Gold,Inglés,Sí,Sí
1999,BAFTA,Cate Blanchett,Femenino,Australia,Elizabeth,Inglés,No,Sí
1999,BAFTA,Roberto Benigni,Masculino,Italia,La vita è bella,Italiano,No,Sí
1999,Festival de Berlín,Juliette Lewis,Femenino,Estados Unidos,The Other Sister,Inglés,Sí,No
1999,Festival de Berlín,Michael Gwisdek,Masculino,Alemania,Nachtgestalten,Alemán,No,No
1999,Festival de Cannes,Emmanuel Schotte,Masculino,Francia,L'humanité,Francés,No,No
1999,Festival de Cannes,Séverine Caneele,Femenino,Francia,L'humanité,Francés,No,No
1999,Festival de Cannes,Émilie Dequenne,Femenino,Bélgica,Rosetta,Francés,No,No
1999,Globo de Oro,Cate Blanchett,Femenino,Australia,Elizabeth,Inglés,No,Sí
1999,Globo de Oro,Gwyneth Paltrow,Femenino,Estados Unidos,Shakespeare in Love,Inglés,Sí,Sí
1999,Globo de Oro,Jim Carrey,Masculino,Canadá,The Truman Show,Inglés,Sí,No
1999,Globo de Oro,Tom Hanks,Masculino,Estados Unidos,Saving Private Ryan,Inglés,Sí,Sí
2000,BAFTA,Annette Bening,Femenino,Estados Unidos,American Beauty,Inglés,Sí,Sí
2000,BAFTA,Kevin Spacey,Masculino,Estados Unidos,American Beauty,Inglés,Sí,Sí
2000,Festival de Berlín,Bibiana Beglau,Femenino,Alemania,Die Stille nach dem Schuss,Alemán,No,No
2000,Festival de Berlín,Denzel Washington,Masculino,Estados Unidos,The Hurricane,Inglés,Sí,Sí
2000,Festival de Cannes,Björk,Femenino,Islandia,Dancer in the Dark,Inglés,No,No
2000,Festival de Cannes,Tony Leung Chiu-wai,Masculino,Hong Kong,In the Mood for Love,Cantonés,No,No
2000,Festival de Venecia,Javier Bardem,Masculino,España,Before Night Falls,Inglés,No,Sí
2000,Festival de Venecia,Rose Byrne,Femenino,Australia,The Goddess of 1967,Inglés,No,No
2000,Globo de Oro,Denzel Washington,Masculino,Estados Unidos,The Hurricane,Inglés,Sí,Sí
2000,Globo de Oro,Hilary Swank,Femenino,Estados Unidos,Boys Don't Cry,Inglés,Sí,Sí
2000,Globo de Oro,Janet McTeer,Femenino,Reino Unido,Tumbleweeds,Inglés,No,Sí
2000,Globo de Oro,Jim Carrey,Masculino,Canadá,Man on the Moon,Inglés,Sí,No
2001,BAFTA,Jamie Bell,Masculino,Reino Unido,Billy Elliot,Inglés,No,No
2001,BAFTA,Julia Roberts,Femenino,Estados Unidos,Erin Brockovich,Inglés,Sí,Sí
2001,Festival de Berlín,Benicio del Toro,Masculino,Puerto Rico,Traffic,Inglés / Español,Sí,Sí
2001,Festival de Berlín,Kerry Fox,Femenino,Nueva Zelanda,Intimacy,Inglés,No,No
2001,Festival de Cannes,Benoît Magimel,Masculino,Francia,La pianiste,Francés,No,No
2001,Festival de Cannes,Isabelle Huppert,Femenino,Francia,La pianiste,Francés,No,No
2001,Festival de Venecia,Luigi Lo Cascio,Masculino,Italia,Luce dei miei occhi,Italiano,No,No
2001,Festival de Venecia,Sandra Ceccarelli,Femenino,Italia,Luce dei miei occhi,Italiano,No,No
2001,Globo de Oro,George Clooney,Masculino,Estados Unidos,"O Brother, Where Art Thou?",Inglés,Sí,No
2001,Globo de Oro,Julia Roberts,Femenino,Estados Unidos,Erin Brockovich,Inglés,Sí,Sí
2001,Globo de Oro,Renée Zellweger,Femenino,Estados Unidos,Nurse Betty,Inglés,Sí,No
2001,Globo de Oro,Tom Hanks,Masculino,Estados Unidos,Cast Away,Inglés,Sí,Sí
2002,BAFTA,Judi Dench,Femenino,Reino Unido,Iris,Inglés,Sí,Sí
2002,BAFTA,Russell Crowe,Masculino,Nueva Zelanda,A Beautiful Mind,Inglés,Sí,Sí
2002,Festival de Berlín,Halle Berry,Femenino,Estados Unidos,Monster's Ball,Inglés,Sí,Sí
2002,Festival de Berlín,Jacques Gamblin,Masculino,Francia,Laissez-passer,Francés,No,No
2002,Festival de Cannes,Kati Outinen,Femenino,Finlandia,Mies vailla menneisyyttä,Finés,No,No
2002,Festival de Cannes,Olivier Gourmet,Masculino,Bélgica,Le fils,Francés,No,No
2002,Festival de Venecia,Julianne Moore,Femenino,Estados Unidos,Far from Heaven,Inglés,Sí,Sí
2002,Festival de Venecia,Stefano Accorsi,Masculino,Italia,Un viaggio chiamato amore,Italiano,No,No
2002,Globo de Oro,Gene Hackman,Masculino,Estados Unidos,The Royal Tenenbaums,Inglés,Sí,No
2002,Globo de Oro,Renée Zellweger,Femenino,Estados Unidos,Bridget Jones's Diary,Inglés,Sí,Sí
2002,Globo de Oro,Russell Crowe,Masculino,Nueva Zelanda,A Beautiful Mind,Inglés,Sí,Sí
2002,Globo de Oro,Sissy Spacek,Femenino,Estados Unidos,In the Bedroom,Inglés,Sí,Sí
2003,BAFTA,Daniel Day-Lewis,Masculino,Reino Unido,Gangs of New York,Inglés,Sí,Sí
2003,BAFTA,Nicole Kidman,Femenino,Australia,The Hours,Inglés,Sí,Sí
2003,Festival de Berlín,Julianne Moore,Femenino,Estados Unidos,The Hours,Inglés,Sí,Sí
2003,Festival de Berlín,Meryl Streep,Femenino,Estados Unidos,The Hours,Inglés,Sí,No
2003,Festival de Berlín,Nicole Kidman,Femenino,Australia,The Hours,Inglés,Sí,Sí
2003,Festival de Berlín,Sam Rockwell,Masculino,Estados Unidos,Confessions of a Dangerous Mind,Inglés,Sí,No
2003,Festival de Cannes,Emin Toprak,Masculino,Turquía,Uzak,Turco,No,No
2003,Festival de Cannes,Marie-Josée Croze,Femenino,Canadá,Les invasions barbares,Francés,No,No
2003,Festival de Cannes,Muzaffer Özdemir,Masculino,Turquía,Uzak,Turco,No,No
2003,Festival de Venecia,Katja Riemann,Femenino,Alemania,Rosenstrasse,Alemán,No,No
2003,Festival de Venecia,Sean Penn,Masculino,Estados Unidos,21 Grams,Inglés,Sí,Sí
2003,Globo de Oro,Jack Nicholson,Masculino,Estados Unidos,About Schmidt,Inglés,Sí,Sí
2003,Globo de Oro,Nicole Kidman,Femenino,Australia,The Hours,Inglés,Sí,Sí
2003,Globo de Oro,Reneé Zellweger,Femenino,Estados Unidos,Chicago,Inglés,Sí,Sí
2003,Globo de Oro,Richard Gere,Masculino,Estados Unidos,Chicago,Inglés,Sí,No
2004,BAFTA,Bill Murray,Masculino,Estados Unidos,Lost in Translation,Inglés,Sí,Sí
2004,BAFTA,Scarlett Johansson,Femenino,Estados Unidos,Lost in Translation,Inglés,Sí,No
2004,Festival de Berlín,Catalina Sandino Moreno,Femenino,Colombia,Maria Full of Grace,Español,No,Sí
2004,Festival de Berlín,Daniel Hendler,Masculino,Uruguay,El abrazo partido,Español,No,No
2004,Festival de Cannes,Maggie Cheung,Femenino,Hong Kong,Clean,Inglés / Francés,No,No
2004,Festival de Cannes,Yagira Yuuya,Masculino,Japón,Dare mo shiranai,Japonés,No,No
2004,Festival de Venecia,Imelda Staunton,Femenino,Reino Unido,Vera Drake,Inglés,No,Sí
2004,Festival de Venecia,Javier Bardem,Masculino,España,Mar adentro,Español,No,No
2004,Globo de Oro,Bill Murray,Masculino,Estados Unidos,Lost in Translation,Inglés,Sí,Sí
2004,Globo de Oro,Charlize Theron,Femenino,Sudáfrica,Monster,Inglés,Sí,Sí
2004,Globo de Oro,Diane Keaton,Femenino,Estados Unidos,Something's Gotta Give,Inglés,Sí,Sí
2004,Globo de Oro,Sean Penn,Masculino,Estados Unidos,Mystic River,Inglés,Sí,Sí
2005,BAFTA,Imelda Staunton,Femenino,Reino Unido,Vera Drake,Inglés,No,Sí
2005,BAFTA,Jamie Foxx,Masculino,Estados Unidos,Ray,Inglés,Sí,Sí
2005,Festival de Berlín,Julia Jentsch,Femenino,Alemania,Sophie Scholl - Die letzten Tage,Alemán,No,No
2005,Festival de Berlín,Lou Taylor Pucci,Masculino,Estados Unidos,Thumbsucker,Inglés,No,No
2005,Festival de Cannes,Hanna Laslo,Femenino,Israel,Free Zone,Hebreo / Inglés,No,No
2005,Festival de Cannes,Tommy Lee Jones,Masculino,Estados Unidos,The Three Burials of Melquiades Estrada,Inglés / Español,Sí,No
2005,Festival de Venecia,David Strathairn,Masculino,Estados Unidos,"Good Night, and Good Luck.",Inglés,Sí,Sí
2005,Festival de Venecia,Giovanna Mezzogiorno,Femenino,Italia,La bestia nel cuore,Italiano,No,No
2005,Globo de Oro,Annette Bening,Femenino,Estados Unidos,Being Julia,Inglés,Sí,Sí
2005,Globo de Oro,Hilary Swank,Femenino,Estados Unidos,Million Dollar Baby,Inglés,Sí,Sí
2005,Globo de Oro,Jamie Foxx,Masculino,Estados Unidos,Ray,Inglés,Sí,Sí
2005,Globo de Oro,Leonardo DiCaprio,Masculino,Estados Unidos,The Aviator,Inglés,Sí,Sí
2006,BAFTA,Philip Seymour Hoffman,Masculino,Estados Unidos,Capote,Inglés,Sí,Sí
2006,BAFTA,Reese Witherspoon,Femenino,Estados Unidos,Walk the Line,Inglés,Sí,Sí
2006,Festival de Berlín,Moritz Bleibtreu,Masculino,Alemania,Elementarteilchen,Alemán,No,No
2006,Festival de Berlín,Sandra Hüller,Femenino,Alemania,Requiem,Alemán,No,No
2006,Festival de Cannes,Carmen Maura,Femenino,España,Volver,Español,No,No
2006,Festival de Cannes,Jamel Debbouze,Masculino,Francia,Indigènes,Francés / Árabe,No,No
2006,Festival de Cannes,Penélope Cruz,Femenino,España,Volver,Español,Sí,Sí
2006,Festival de Cannes,Samy Naceri,Masculino,Francia,Indigènes,Francés / Árabe,No,No
2006,Festival de Venecia,Ben Affleck,Masculino,Estados Unidos,Hollywoodland,Inglés,Sí,No
2006,Festival de Venecia,Helen Mirren,Femenino,Reino Unido,The Queen,Inglés,Sí,Sí
2006,Globo de Oro,Felicity Huffman,Femenino,Estados Unidos,Transamerica,Inglés,Sí,Sí
2006,Globo de Oro,Joaquin Phoenix,Masculino,Estados Unidos,Walk the Line,Inglés,Sí,Sí
2006,Globo de Oro,Philip Seymour Hoffman,Masculino,Estados Unidos,Capote,Inglés,Sí,Sí
2006,Globo de Oro,Reese Witherspoon,Femenino,Estados Unidos,Walk the Line,Inglés,Sí,Sí
2007,BAFTA,Forest Whitaker,Masculino,Estados Unidos,The Last King of Scotland,Inglés,Sí,Sí
2007,BAFTA,Helen Mirren,Femenino,Reino Unido,The Queen,Inglés,Sí,Sí
2007,Festival de Berlín,Julio Chávez,Masculino,Argentina,El otro,Español,No,No
2007,Festival de Berlín,Nina Hoss,Femenino,Alemania,Yella,Alemán,No,No
2007,Festival de Cannes,Jeon Do-yeon,Femenino,Corea del Sur,Meryang Sunshain,Coreano,No,No
2007,Festival de Cannes,Konstantin Lavronenko,Masculino,Rusia,Izgnanie,Ruso,No,No
2007,Festival de Venecia,Brad Pitt,Masculino,Estados Unidos,The Assassination of Jesse James...,Inglés,Sí,No
2007,Festival de Venecia,Cate Blanchett,Femenino,Australia,I'm Not There,Inglés,Sí,Sí
2007,Globo de Oro,Forest Whitaker,Masculino,Estados Unidos,The Last King of Scotland,Inglés,Sí,Sí
2007,Globo de Oro,Helen Mirren,Femenino,Reino Unido,The Queen,Inglés,Sí,Sí
2007,Globo de Oro,Meryl Streep,Femenino,Estados Unidos,The Devil Wears Prada,Inglés,Sí,Sí
2007,Globo de Oro,Sacha Baron Cohen,Masculino,Reino Unido,Borat,Inglés,No,No
2008,BAFTA,Daniel Day-Lewis,Masculino,Reino Unido,There Will Be Blood,Inglés,Sí,Sí
2008,BAFTA,Marion Cotillard,Femenino,Francia,La Môme (La Vie en Rose),Francés,No,Sí
2008,Festival de Berlín,Reza Naji,Masculino,Irán,Avaze gonjeshk-ha,Persa,No,No
2008,Festival de Berlín,Sally Hawkins,Femenino,Reino Unido,Happy-Go-Lucky,Inglés,No,No
2008,Festival de Cannes,Benicio del Toro,Masculino,Puerto Rico,Che,Español,Sí,No
2008,Festival de Cannes,Sandra Corveloni,Femenino,Brasil,Linha de Passe,Portugués,No,No
2008,Festival de Venecia,Dominique Blanc,Femenino,Francia,L'Autre,Francés,No,No
2008,Festival de Venecia,Silvio Orlando,Masculino,Italia,Il papà di Giovanna,Italiano,No,No
2008,Globo de Oro,Daniel Day-Lewis,Masculino,Reino Unido,There Will Be Blood,Inglés,Sí,Sí
2008,Globo de Oro,Johnny Depp,Masculino,Estados Unidos,Sweeney Todd,Inglés,Sí,Sí
2008,Globo de Oro,Julie Christie,Femenino,Reino Unido,Away from Her,Inglés,Sí,Sí
2008,Globo de Oro,Marion Cotillard,Femenino,Francia,La Môme (La Vie en Rose),Francés,No,Sí
2009,BAFTA,Kate Winslet,Femenino,Reino Unido,The Reader,Inglés,Sí,Sí
2009,BAFTA,Mickey Rourke,Masculino,Estados Unidos,The Wrestler,Inglés,Sí,Sí
2009,Festival de Berlín,Birgit Minichmayr,Femenino,Austria,Alle Anderen,Alemán,No,No
2009,Festival de Berlín,Sotigui Kouyaté,Masculino,Malí,London River,Inglés / Francés,No,No
2009,Festival de Cannes,Charlotte Gainsbourg,Femenino,Francia,Antichrist,Inglés,No,No
2009,Festival de Cannes,Christoph Waltz,Masculino,Austria,Inglourious Basterds,Alemán / Francés / Inglés,No,Sí
2009,Festival de Venecia,Colin Firth,Masculino,Reino Unido,A Single Man,Inglés,Sí,Sí
2009,Festival de Venecia,Kseniya Rappoport,Femenino,Rusia,La doppia ora,Italiano,No,No
2009,Globo de Oro,Colin Farrell,Masculino,Irlanda,In Bruges,Inglés,Sí,No
2009,Globo de Oro,Kate Winslet,Femenino,Reino Unido,Revolutionary Road,Inglés,Sí,No
2009,Globo de Oro,Mickey Rourke,Masculino,Estados Unidos,The Wrestler,Inglés,Sí,Sí
2009,Globo de Oro,Sally Hawkins,Femenino,Reino Unido,Happy-Go-Lucky,Inglés,No,No
2010,BAFTA,Carey Mulligan,Femenino,Reino Unido,An Education,Inglés,No,Sí
2010,BAFTA,Colin Firth,Masculino,Reino Unido,A Single Man,Inglés,Sí,Sí
2010,Festival de Berlín,Grigoriy Dobrygin,Masculino,Rusia,How I Ended This Summer,Ruso,No,No
2010,Festival de Berlín,Shinobu Terajima,Femenino,Japón,Caterpillar,Japonés,No,No
2010,Festival de Cannes,Elio Germano,Masculino,Italia,La nostra vita,Italiano,No,No
2010,Festival de Cannes,Javier Bardem,Masculino,España,Biutiful,Español,Sí,Sí
2010,Festival de Cannes,Juliette Binoche,Femenino,Francia,Copie conforme,Francés / Inglés,Sí,No
2010,Festival de Venecia,Ariane Labed,Femenino,Francia,Attenberg,Griego,No,No
2010,Festival de Venecia,Vincent Gallo,Masculino,Estados Unidos,Essential Killing,Sin diálogo,Sí,No
2010,Globo de Oro,Jeff Bridges,Masculino,Estados Unidos,Crazy Heart,Inglés,Sí,Sí
2010,Globo de Oro,Meryl Streep,Femenino,Estados Unidos,Julie & Julia,Inglés,Sí,Sí
2010,Globo de Oro,Robert Downey Jr.,Masculino,Estados Unidos,Sherlock Holmes,Inglés,Sí,No
2010,Globo de Oro,Sandra Bullock,Femenino,Estados Unidos,The Blind Side,Inglés,Sí,Sí
2011,BAFTA,Colin Firth,Masculino,Reino Unido,The King's Speech,Inglés,Sí,Sí
2011,BAFTA,Natalie Portman,Femenino,Israel,Black Swan,Inglés,Sí,Sí
2011,Festival de Berlín,Leila Hatami,Femenino,Irán,Jodaeiye Nader az Simin (A Separation),Persa,No,No
2011,Festival de Berlín,Peyman Maadi,Masculino,Irán,Jodaeiye Nader az Simin (A Separation),Persa,No,No
2011,Festival de Cannes,Jean Dujardin,Masculino,Francia,The Artist,Francés / Mudo,No,Sí
2011,Festival de Cannes,Kirsten Dunst,Femenino,Estados Unidos,Melancholia,Inglés,Sí,No
2011,Festival de Venecia,Deanie Ip,Femenino,Hong Kong,Tao Jie,Cantonés,No,No
2011,Festival de Venecia,Michael Fassbender,Masculino,Alemania,Shame,Inglés,Sí,No
2011,Globo de Oro,Annette Bening,Femenino,Estados Unidos,The Kids Are All Right,Inglés,Sí,Sí
2011,Globo de Oro,Colin Firth,Masculino,Reino Unido,The King's Speech,Inglés,Sí,Sí
2011,Globo de Oro,Natalie Portman,Femenino,Israel,Black Swan,Inglés,Sí,Sí
2011,Globo de Oro,Paul Giamatti,Masculino,Estados Unidos,Barney's Version,Inglés,Sí,No
2012,BAFTA,Jean Dujardin,Masculino,Francia,The Artist,Francés / Mudo,No,Sí
2012,BAFTA,Meryl Streep,Femenino,Estados Unidos,The Iron Lady,Inglés,Sí,Sí
2012,Festival de Berlín,Mikkel Boe Følsgaard,Masculino,Dinamarca,En kongelig affære,Danés,No,No
2012,Festival de Berlín,Rachel Mwanza,Femenino,República Democrática del Congo,Rebelle (War Witch),Francés,No,No
2012,Festival de Cannes,Cosmina Stratan,Femenino,Rumania,După dealuri,Rumano,No,No
2012,Festival de Cannes,Cristina Flutur,Femenino,Rumania,După dealuri,Rumano,No,No
2012,Festival de Cannes,Mads Mikkelsen,Masculino,Dinamarca,Jagten,Danés,No,No
2012,Festival de Venecia,Hadas Yaron,Femenino,Israel,Lemale et ha'halal,Hebreo,No,No
2012,Festival de Venecia,Joaquin Phoenix,Masculino,Estados Unidos,The Master,Inglés,Sí,Sí
2012,Festival de Venecia,Philip Seymour Hoffman,Masculino,Estados Unidos,The Master,Inglés,Sí,Sí
2012,Globo de Oro,George Clooney,Masculino,Estados Unidos,The Descendants,Inglés,Sí,Sí
2012,Globo de Oro,Jean Dujardin,Masculino,Francia,The Artist,Francés / Mudo,No,Sí
2012,Globo de Oro,Meryl Streep,Femenino,Estados Unidos,The Iron Lady,Inglés,Sí,Sí
2012,Globo de Oro,Michelle Williams,Femenino,Estados Unidos,My Week with Marilyn,Inglés,Sí,Sí
2013,BAFTA,Daniel Day-Lewis,Masculino,Reino Unido,Lincoln,Inglés,Sí,Sí
2013,BAFTA,Emmanuelle Riva,Femenino,Francia,Amour,Francés,No,Sí
2013,Festival de Berlín,Nazif Mujić,Masculino,Bosnia y Herzegovina,Epizoda u životu berača željeza,Bosnio,No,No
2013,Festival de Berlín,Paulina García,Femenino,Chile,Gloria,Español,No,No
2013,Festival de Cannes,Bruce Dern,Masculino,Estados Unidos,Nebraska,Inglés,Sí,Sí
2013,Festival de Cannes,Bérénice Bejo,Femenino,Argentina,Le Passé,Francés,No,No
2013,Festival de Venecia,Elena Cotta,Femenino,Italia,Via Castellana Bandiera,Italiano,No,No
2013,Festival de Venecia,Themis Panou,Masculino,Grecia,Miss Violence,Griego,No,No
2013,Globo de Oro,Daniel Day-Lewis,Masculino,Reino Unido,Lincoln,Inglés,Sí,Sí
2013,Globo de Oro,Hugh Jackman,Masculino,Australia,Les Misérables,Inglés,Sí,Sí
2013,Globo de Oro,Jennifer Lawrence,Femenino,Estados Unidos,Silver Linings Playbook,Inglés,Sí,Sí
2013,Globo de Oro,Jessica Chastain,Femenino,Estados Unidos,Zero Dark Thirty,Inglés,Sí,Sí
2014,BAFTA,Cate Blanchett,Femenino,Australia,Blue Jasmine,Inglés,Sí,Sí
2014,BAFTA,Chiwetel Ejiofor,Masculino,Reino Unido,12 Years a Slave,Inglés,Sí,Sí
2014,Festival de Berlín,Haru Kuroki,Femenino,Japón,Chiisai Ousama,Japonés,No,No
2014,Festival de Berlín,Liao Fan,Masculino,China,Bai ri yan huo,Chino mandarín,No,No
2014,Festival de Cannes,Julianne Moore,Femenino,Estados Unidos,Maps to the Stars,Inglés,Sí,No
2014,Festival de Cannes,Timothy Spall,Masculino,Reino Unido,Mr. Turner,Inglés,No,No
2014,Festival de Venecia,Adam Driver,Masculino,Estados Unidos,Hungry Hearts,Inglés,Sí,No
2014,Festival de Venecia,Alba Rohrwacher,Femenino,Italia,Hungry Hearts,Inglés,No,No
2014,Globo de Oro,Amy Adams,Femenino,Estados Unidos,American Hustle,Inglés,Sí,Sí
2014,Globo de Oro,Cate Blanchett,Femenino,Australia,Blue Jasmine,Inglés,Sí,Sí
2014,Globo de Oro,Leonardo DiCaprio,Masculino,Estados Unidos,The Wolf of Wall Street,Inglés,Sí,Sí
2014,Globo de Oro,Matthew McConaughey,Masculino,Estados Unidos,Dallas Buyers Club,Inglés,Sí,Sí
2015,BAFTA,Eddie Redmayne,Masculino,Reino Unido,The Theory of Everything,Inglés,No,Sí
2015,BAFTA,Julianne Moore,Femenino,Estados Unidos,Still Alice,Inglés,Sí,Sí
2015,Festival de Berlín,Charlotte Rampling,Femenino,Reino Unido,45 Years,Inglés,Sí,Sí
2015,Festival de Berlín,Tom Courtenay,Masculino,Reino Unido,45 Years,Inglés,Sí,No
2015,Festival de Cannes,Emmanuelle Bercot,Femenino,Francia,Mon Roi,Francés,No,No
2015,Festival de Cannes,Rooney Mara,Femenino,Estados Unidos,Carol,Inglés,Sí,Sí
2015,Festival de Cannes,Vincent Lindon,Masculino,Francia,La Loi du marché,Francés,No,No
2015,Festival de Venecia,Fabrice Luchini,Masculino,Francia,L'Hermine,Francés,No,No
2015,Festival de Venecia,Valeria Golino,Femenino,Italia,Per amor vostro,Italiano,No,No
2015,Globo de Oro,Amy Adams,Femenino,Estados Unidos,Big Eyes,Inglés,Sí,No
2015,Globo de Oro,Eddie Redmayne,Masculino,Reino Unido,The Theory of Everything,Inglés,No,Sí
2015,Globo de Oro,Julianne Moore,Femenino,Estados Unidos,Still Alice,Inglés,Sí,Sí
2015,Globo de Oro,Michael Keaton,Masculino,Estados Unidos,Birdman,Inglés,Sí,Sí
2016,BAFTA,Brie Larson,Femenino,Estados Unidos,Room,Inglés,Sí,Sí
2016,BAFTA,Leonardo DiCaprio,Masculino,Estados Unidos,The Revenant,Inglés,Sí,Sí
2016,Festival de Berlín,Majd Mastoura,Masculino,Túnez,Inhebbek Hedi,Árabe,No,No
2016,Festival de Berlín,Trine Dyrholm,Femenino,Dinamarca,Kollektivet,Danés,No,No
2016,Festival de Cannes,Jaclyn Jose,Femenino,Filipinas,Ma' Rosa,Tagalo,No,No
2016,Festival de Cannes,Shahab Hosseini,Masculino,Irán,Forushande,Persa,No,No
2016,Festival de Venecia,Emma Stone,Femenino,Estados Unidos,La La Land,Inglés,Sí,Sí
2016,Festival de Venecia,Oscar Martínez,Masculino,Argentina,El ciudadano ilustre,Español,No,No
2016,Globo de Oro,Brie Larson,Femenino,Estados Unidos,Room,Inglés,Sí,Sí
2016,Globo de Oro,Jennifer Lawrence,Femenino,Estados Unidos,Joy,Inglés,Sí,Sí
2016,Globo de Oro,Leonardo DiCaprio,Masculino,Estados Unidos,The Revenant,Inglés,Sí,Sí
2016,Globo de Oro,Matt Damon,Masculino,Estados Unidos,The Martian,Inglés,Sí,Sí
2017,BAFTA,Casey Affleck,Masculino,Estados Unidos,Manchester by the Sea,Inglés,Sí,Sí
2017,BAFTA,Emma Stone,Femenino,Estados Unidos,La La Land,Inglés,Sí,Sí
2017,Festival de Berlín,Georg Friedrich,Masculino,Austria,Helle Nächte,Alemán,No,No
2017,Festival de Berlín,Kim Min-hee,Femenino,Corea del Sur,On the Beach at Night Alone,Coreano,No,No
2017,Festival de Cannes,Diane Kruger,Femenino,Alemania,Aus dem Nichts,Alemán,Sí,No
2017,Festival de Cannes,Joaquin Phoenix,Masculino,Estados Unidos,You Were Never Really Here,Inglés,Sí,No
2017,Festival de Venecia,Charlotte Rampling,Femenino,Reino Unido,Hannah,Francés / Inglés,Sí,No
2017,Festival de Venecia,Kamel El Basha,Masculino,Palestina,L'insulte,Árabe,No,No
2017,Globo de Oro,Casey Affleck,Masculino,Estados Unidos,Manchester by the Sea,Inglés,Sí,Sí
2017,Globo de Oro,Emma Stone,Femenino,Estados Unidos,La La Land,Inglés,Sí,Sí
2017,Globo de Oro,Isabelle Huppert,Femenino,Francia,Elle,Francés,No,Sí
2017,Globo de Oro,Ryan Gosling,Masculino,Canadá,La La Land,Inglés,Sí,Sí
2018,BAFTA,Frances McDormand,Femenino,Estados Unidos,"Three Billboards Outside Ebbing, Missouri",Inglés,Sí,Sí
2018,BAFTA,Gary Oldman,Masculino,Reino Unido,Darkest Hour,Inglés,Sí,Sí
2018,Festival de Berlín,Ana Brun,Femenino,Paraguay,Las Herederas,Español,No,No
2018,Festival de Berlín,Anthony Bajon,Masculino,Francia,La Prière,Francés,No,No
2018,Festival de Cannes,Marcello Fonte,Masculino,Italia,Dogman,Italiano,No,No
2018,Festival de Cannes,Samal Yeslyamova,Femenino,Kazajistán,Ayka,Ruso,No,No
2018,Festival de Venecia,Olivia Colman,Femenino,Reino Unido,The Favourite,Inglés,No,Sí
2018,Festival de Venecia,Willem Dafoe,Masculino,Estados Unidos,At Eternity's Gate,Inglés,Sí,Sí
2018,Globo de Oro,Frances McDormand,Femenino,Estados Unidos,"Three Billboards Outside Ebbing, Missouri",Inglés,Sí,Sí
2018,Globo de Oro,Gary Oldman,Masculino,Reino Unido,Darkest Hour,Inglés,Sí,Sí
2018,Globo de Oro,James Franco,Masculino,Estados Unidos,The Disaster Artist,Inglés,Sí,No
2018,Globo de Oro,Saoirse Ronan,Femenino,Irlanda,Lady Bird,Inglés,Sí,Sí
2019,BAFTA,Olivia Colman,Femenino,Reino Unido,The Favourite,Inglés,No,Sí
2019,BAFTA,Rami Malek,Masculino,Estados Unidos,Bohemian Rhapsody,Inglés,Sí,Sí
2019,Festival de Berlín,Wang Jingchun,Masculino,China,"So Long, My Son",Chino mandarín,No,No
2019,Festival de Berlín,Yong Mei,Femenino,China,"So Long, My Son",Chino mandarín,No,No
2019,Festival de Cannes,Antonio Banderas,Masculino,España,Dolor y gloria,Español,Sí,Sí
2019,Festival de Cannes,Emily Beecham,Femenino,Reino Unido,Little Joe,Inglés,No,No
2019,Festival de Venecia,Ariane Ascaride,Femenino,Francia,Gloria Mundi,Francés,No,No
2019,Festival de Venecia,Luca Marinelli,Masculino,Italia,Martin Eden,Italiano,No,No
2019,Globo de Oro,Christian Bale,Masculino,Reino Unido,Vice,Inglés,Sí,Sí
2019,Globo de Oro,Glenn Close,Femenino,Estados Unidos,The Wife,Inglés,Sí,Sí
2019,Globo de Oro,Olivia Colman,Femenino,Reino Unido,The Favourite,Inglés,No,Sí
2019,Globo de Oro,Rami Malek,Masculino,Estados Unidos,Bohemian Rhapsody,Inglés,Sí,Sí
2020,BAFTA,Joaquin Phoenix,Masculino,Estados Unidos,Joker,Inglés,Sí,Sí
2020,BAFTA,Renée Zellweger,Femenino,Estados Unidos,Judy,Inglés,Sí,Sí
2020,Festival de Berlín,Elio Germano,Masculino,Italia,Volevo nascondermi,Italiano,No,No
2020,Festival de Berlín,Paula Beer,Femenino,Alemania,Undine,Alemán,No,No
2020,Festival de Venecia,Pierfrancesco Favino,Masculino,Italia,Padrenostro,Italiano,No,No
2020,Festival de Venecia,Vanessa Kirby,Femenino,Reino Unido,Pieces of a Woman,Inglés,Sí,Sí
2020,Globo de Oro,Awkwafina,Femenino,Estados Unidos,The Farewell,Chino mandarín / Inglés,Sí,No
2020,Globo de Oro,Joaquin Phoenix,Masculino,Estados Unidos,Joker,Inglés,Sí,Sí
2020,Globo de Oro,Renée Zellweger,Femenino,Estados Unidos,Judy,Inglés,Sí,Sí
2020,Globo de Oro,Taron Egerton,Masculino,Reino Unido,Rocketman,Inglés,No,No
2021,BAFTA,Anthony Hopkins,Masculino,Reino Unido,The Father,Inglés,Sí,Sí
2021,BAFTA,Frances McDormand,Femenino,Estados Unidos,Nomadland,Inglés,Sí,Sí
2021,Festival de Berlín,Maren Eggert,Femenino,Alemania,Ich bin dein Mensch,Alemán,No,No
2021,Festival de Cannes,Caleb Landry Jones,Masculino,Estados Unidos,Nitram,Inglés,Sí,No
2021,Festival de Cannes,Renate Reinsve,Femenino,Noruega,Verdens verste menneske,Noruego,No,No
2021,Festival de Venecia,John Arcilla,Masculino,Filipinas,On the Job: The Missing 8,Tagalo,No,No
2021,Festival de Venecia,Penélope Cruz,Femenino,España,Madres paralelas,Español,Sí,Sí
2021,Globo de Oro,Andra Day,Femenino,Estados Unidos,The United States vs. Billie Holiday,Inglés,No,Sí
2021,Globo de Oro,Chadwick Boseman,Masculino,Estados Unidos,Ma Rainey's Black Bottom,Inglés,Sí,Sí
2021,Globo de Oro,Rosamund Pike,Femenino,Reino Unido,I Care a Lot,Inglés,Sí,No
2021,Globo de Oro,Sacha Baron Cohen,Masculino,Reino Unido,Borat Subsequent Moviefilm,Inglés,Sí,No
2022,BAFTA,Joanna Scanlan,Femenino,Reino Unido,After Love,Inglés / Francés,No,No
2022,BAFTA,Will Smith,Masculino,Estados Unidos,King Richard,Inglés,Sí,Sí
2022,Festival de Berlín,Meltem Kaptan,Femenino,Alemania,Rabiye Kurnaz gegen George W. Bush,Alemán,No,No
2022,Festival de Cannes,Song Kang-ho,Masculino,Corea del Sur,Broker,Coreano,No,No
2022,Festival de Cannes,Zar Amir Ebrahimi,Femenino,Irán,Holy Spider,Persa,No,No
2022,Festival de Venecia,Cate Blanchett,Femenino,Australia,TÁR,Inglés,Sí,Sí
2022,Festival de Venecia,Colin Farrell,Masculino,Irlanda,The Banshees of Inisherin,Inglés,Sí,Sí
2022,Globo de Oro,Andrew Garfield,Masculino,Reino Unido,"tick, tick... BOOM!",Inglés,Sí,Sí
2022,Globo de Oro,Nicole Kidman,Femenino,Australia,Being the Ricardos,Inglés,Sí,Sí
2022,Globo de Oro,Rachel Zegler,Femenino,Estados Unidos,West Side Story,Inglés,No,No
2022,Globo de Oro,Will Smith,Masculino,Estados Unidos,King Richard,Inglés,Sí,Sí
2023,BAFTA,Austin Butler,Masculino,Estados Unidos,Elvis,Inglés,Sí,Sí
2023,BAFTA,Cate Blanchett,Femenino,Australia,TÁR,Inglés,Sí,Sí
2023,Festival de Berlín,Sofía Otero,Femenino,España,20.000 especies de abejas,Español,No,No
2023,Festival de Cannes,Kōji Yakusho,Masculino,Japón,Perfect Days,Japonés,No,No
2023,Festival de Cannes,Merve Dizdar,Femenino,Turquía,Kuru Otlar Üstüne,Turco,No,No
2023,Festival de Venecia,Cailee Spaeny,Femenino,Estados Unidos,Priscilla,Inglés,Sí,No
2023,Festival de Venecia,Peter Sarsgaard,Masculino,Estados Unidos,Memory,Inglés,Sí,No
2023,Globo de Oro,Austin Butler,Masculino,Estados Unidos,Elvis,Inglés,Sí,Sí
2023,Globo de Oro,Cate Blanchett,Femenino,Australia,TÁR,Inglés,Sí,Sí
2023,Globo de Oro,Colin Farrell,Masculino,Irlanda,The Banshees of Inisherin,Inglés,Sí,Sí
2023,Globo de Oro,Michelle Yeoh,Femenino,Malasia,Everything Everywhere All at Once,Inglés / Chino,Sí,Sí
2024,BAFTA,Cillian Murphy,Masculino,Irlanda,Oppenheimer,Inglés,Sí,Sí
2024,BAFTA,Emma Stone,Femenino,Estados Unidos,Poor Things,Inglés,Sí,Sí
2024,Festival de Berlín,Sebastian Stan,Masculino,Estados Unidos,A Different Man,Inglés,Sí,No
2024,Festival de Cannes,Adriana Paz,Femenino,México,Emilia Pérez,Español,No,No
2024,Festival de Cannes,Jesse Plemons,Masculino,Estados Unidos,Kinds of Kindness,Inglés,Sí,No
2024,Festival de Cannes,Karla Sofía Gascón,Femenino,España,Emilia Pérez,Español,No,Sí
2024,Festival de Cannes,Selena Gomez,Femenino,Estados Unidos,Emilia Pérez,Español,Sí,No
2024,Festival de Cannes,Zoe Saldaña,Femenino,Estados Unidos,Emilia Pérez,Español,Sí,No
2024,Festival de Venecia,Nicole Kidman,Femenino,Australia,Babygirl,Inglés,Sí,No
2024,Festival de Venecia,Vincent Lindon,Masculino,Francia,Jouer avec le feu,Francés,No,No
2024,Globo de Oro,Cillian Murphy,Masculino,Irlanda,Oppenheimer,Inglés,Sí,Sí
2024,Globo de Oro,Emma Stone,Femenino,Estados Unidos,Poor Things,Inglés,Sí,Sí
2024,Globo de Oro,Lily Gladstone,Femenino,Estados Unidos,Killers of the Flower Moon,Inglés,No,Sí
2024,Globo de Oro,Paul Giamatti,Masculino,Estados Unidos,The Holdovers,Inglés,Sí,Sí
2025,BAFTA,Adrien  Brody,Masculino,Estados Unidos,The Brutalist,Inglés/Húngaro,Sí,Sí
2025,BAFTA,Mikey Madison,Femenino,Estados Unidos,Anora,Inglés/Ruso,Sí,Sí
2025,Festival de Berlín,Hiam Abbass,Femenino,Palestina,L'attachement,Francés,No,No
2025,Festival de Cannes,Nadia Melliti,Femenino,Francia,La petite dernière,Francés/Árabe,No,No
2025,Festival de Cannes,Wagner Moura,Masculino,Brasil,O Agente Secreto,Portugués,Sí,Sí
2025,Festival de Venecia,Toni Servillo,Masculino,Italia,La grazia,Italiano,No,No
2025,Festival de Venecia,Xin Zhilei,Femenino,China,The Sun Rises on Us All,Chino mandarín ,No,No
2025,Globo de Oro,Adrien  Brody,Masculino,Estados Unidos,The Brutalist,Inglés/Húngaro,Sí,SÍ
2025,Globo de Oro,Demi Moore,Femenino,Estados Unidos,La sustancia,Inglés,Sí,Sí
2025,Globo de Oro,Fernada Torres,Femenino,Brasil,Ainda Estou Aquí,Portugués,No,Sí
2025,Globo de Oro,Sebastian Stan,Masculino,Estados Unidos/ Rumania,A  Different Man,Inglés,Sí,No
2026,BAFTA,Jessie Buckley ,Femenino,Irlanda,Hamnet,Inglés,Sí,Sí
2026,BAFTA,Robert Aramayo,Masculino,Reino Unido,I Swear,Inglés,SÍ,No
2026,Festival de Berlín,Franz Rogowski,Masculino,Alemania,Luz,Alemán,No,No
2026,Festival de Cannes,Emmanuel Macchia,Masculino,Bélgica,Coward,Francés,No,
2026,Festival de Cannes,Tao Okamoto ,Femenino,Japón,All of a Sudden,Francés/Japonés,Sí,
2026,Festival de Cannes,Valentin Campagne,Masculino,Francia,Coward,Francés,No,
2026,Festival de Cannes,Virginie Efira,Femenino,Francia/ Bélgica,All of a Sudden,Francés/Japonés,No,
2026,Festival de Venecia,John Malkovich,Masculino,Estados Unidos,Wild Horse Nine,Inglés/ Español,Sí,
2026,Festival de Venecia,Mathilde Arcel,Femenino,Dinamarca,Woman Unknown,Danés,No,
2026,Globo de Oro,Jessie Buckley ,Femenino,Irlanda,Hamnet,Inglés,Sí,Sí
2026,Globo de Oro,Rose Byrne,Femenino,Australia,If I Had Legs I'd Kick You,Inglés,Sí,Sí
2026,Globo de Oro,Timothée Chalamet ,Masculino,Estados Unidos/Francia,Martu Supreme,Inglés,Sí,SÍ
2026,Globo de Oro,Wagner Moura ,Masculino,Brasil,O Agente Secreto,Portugués,Sí,Sí
